Workbook

Sheet IPC
B2: IPC NATIONAL
A4: N° | B4: POSTES DE CONSOMMATION | C4: Pondération | D4: 40544 | E4: 40575 | F4: 40603 | G4: 40634 | H4: 40664 | I4: 40695 | J4: 40725 | K4: 40756 | L4: 40787 | M4: 40817 | N4: 40848 | O4: 40878 | P4: 40909 | Q4: 40940 | R4: 40969 | S4: 41000 | T4: 41030 | U4: 41061 | V4: 41091 | W4: 41122 | X4: 41153 | Y4: 41183 | Z4: 41214 | AA4: 41244 | AB4: 41275 | AC4: 41306 | AD4: 41334 | AE4: 41365 | AF4: 41395 | AG4: 41426 | AH4: 41456 | AI4: 41487 | AJ4: 41518 | AK4: 41548 | AL4: 41579 | AM4: 41609 | AN4: 41640 | AO4: 41671 | AP4: 41699 | AQ4: 41730 | AR4: 41760 | AS4: 41791 | AT4: 41821 | AU4: 41852 | AV4: 41883 | AW4: 41913 | AX4: 41944 | AY4: 41974 | AZ4: 42005 | BA4: 42036 | BB4: 42064 | BC4: 42095 | BD4: 42125 | BE4: 42156 | BF4: 42186 | BG4: 42217 | BH4: 42248 | BI4: 42278 | BJ4: 42309 | BK4: 42339 | BL4: 42370 | BM4: 42401 | BN4: 42430 | BO4: 42461 | BP4: 42491 | BQ4: 42522 | BR4: 42552 | BS4: 42583 | BT4: 42614 | BU4: 42644 | BV4: 42675 | BW4: 42705 | BX4: 42736 | BY4: 42767 | BZ4: 42795 | CA4: 42826 | CB4: 42856 | CC4: 42887 | CD4: 42917 | CE4: 42948 | CF4: 42979 | CG4: 43009 | CH4: 43040 | CI4: 43070 | CJ4: 43101 | CK4: 43132 | CL4: 43160 | CM4: 43191 | CN4: 43221 | CO4: 43252 | CP4: 43282 | CQ4: 43313 | CR4: 43344 | CS4: 43374 | CT4: 43405 | CU4: 43435 | CV4: 43466 | CW4: 43497 | CX4: 43525 | CY4: 43556 | CZ4: 43586 | DA4: 43617 | DB4: 43647 | DC4: 43678 | DD4: 43709 | DE4: 43739 | DF4: 43770 | DG4: 43800 | DH4: 43831 | DI4: 43862 | DJ4: 43891 | DK4: 43922 | DL4: 43952 | DM4: 43983 | DN4: 44013 | DO4: 44044 | DP4: 44075 | DQ4: 44105 | DR4: 44136 | DS4: 44166 | DT4: 44197 | DU4: 44228 | DV4: 44256 | DW4: 44287 | DX4: 44317 | DY4: 44348 | DZ4: 44378 | EA4: 44409 | EB4: 44440 | EC4: 44470 | ED4: 44501 | EE4: 44531 | EF4: 44562 | EG4: 44593 | EH4: 44621 | EI4: 44652 | EJ4: 44682 | EK4: 44713 | EL4: 44743 | EM4: 44774 | EN4: 44805 | EO4: 44835 | EP4: 44866 | EQ4: 44896 | ER4: 44927 | ES4: 44958 | ET4: 44986 | EU4: 45017 | EV4: 45047 | EW4: 45078 | EX4: 45108 | EY4: 45139 | EZ4: 45170 | FA4: 45200 | FB4: 45231 | FC4: 45261 | FD4: 45292 | FE4: 45323 | FF4: 45352 | FG4: 45383 | FH4: 45413 | FI4: 45444 | FJ4: 45474 | FK4: 45505 | FL4: 45536 | FM4: 45566 | FN4: 45597 | FO4: 45627 | FP4: 45658 | FQ4: 45689 | FR4: 45717 | FS4: 45748 | FT4: 45778 | FU4: 45809 | FV4: 45839 | FW4: 45870 | FX4: 45901 | FY4: 45931 | FZ4: 45962 | GA4: 45992 | GB4: 46023 | GC4: 46054 | GD4: 46082 | GE4: 46113 | GF4: 46143 | GG4: 46174 | GH4: 46204 | GI4: 46235 | GJ4: 46266 | GK4: 46296 | GL4: 46327 | GM4: 46357 | GN4: 46388 | GO4: 46419 | GP4: 46447 | GQ4: 46478 | GR4: 46508 | GS4: 46539 | GT4: 46569 | GU4: 46600 | GV4: 46631 | GW4: 46661 | GX4: 46692 | GY4: 46722 | GZ4: 46753 | HA4: 46784 | HB4: 46813 | HC4: 46844 | HD4: 46874 | HE4: 46905 | HF4: 46935 | HG4: 46966 | HH4: 46997 | HI4: 47027 | HJ4: 47058 | HK4: 47088 | HL4: 47119 | HM4: 47150 | HN4: 47178 | HO4: 47209 | HP4: 47239 | HQ4: 47270 | HR4: 47300 | HS4: 47331 | HT4: 47362 | HU4: 47392 | HV4: 47423 | HW4: 47453 | HX4: 47484 | HY4: 47515 | HZ4: 47543 | IA4: 47574 | IB4: 47604 | IC4: 47635 | ID4: 47665 | IE4: 47696 | IF4: 47727 | IG4: 47757 | IH4: 47788 | II4: 47818
A5: 01 | B5: Produits alimentaires et boissons non alcoolisées | C5: 31.82 | P5: 71.84166 | Q5: 71.789012 | R5: 72.128396 | S5: 72.632914 | T5: 73.182413 | U5: 73.193788 | V5: 73.3626 | W5: 74.212563 | X5: 74.398141 | Y5: 74.937835 | Z5: 74.479839 | AA5: 75.840036 | AB5: 75.412862 | AC5: 74.775307 | AD5: 74.810594 | AE5: 74.736036 | AF5: 75.183802 | AG5: 75.446047 | AH5: 75.438341 | AI5: 76.178604 | AJ5: 76.453543 | AK5: 77.249915 | AL5: 77.505126 | AM5: 77.520042 | AN5: 76.212771 | AO5: 76.069955 | AP5: 75.907807 | AQ5: 75.549267 | AR5: 76.215064 | AS5: 75.678497 | AT5: 76.705816 | AU5: 76.675134 | AV5: 76.712194 | AW5: 76.876815 | AX5: 77.319966 | AY5: 77.681951 | AZ5: 76.863895 | BA5: 76.940349 | BB5: 76.637369 | BC5: 77.462565 | BD5: 77.707416 | BE5: 77.905547 | BF5: 78.89384 | BG5: 78.345032 | BH5: 78.738365 | BI5: 79.284688 | BJ5: 78.579577 | BK5: 78.939786 | BL5: 78.266427 | BM5: 78.418795 | BN5: 78.242375 | BO5: 78.694825 | BP5: 79.633317 | BQ5: 79.078259 | BR5: 79.213265 | BS5: 79.362568 | BT5: 79.463731 | BU5: 78.796402 | BV5: 78.772675 | BW5: 78.459961 | BX5: 77.731096 | BY5: 77.820327 | BZ5: 77.741017 | CA5: 78.72727 | CB5: 78.950019 | CC5: 78.733969 | CD5: 78.911413 | CE5: 79.593182 | CF5: 79.881937 | CG5: 79.4891 | CH5: 79.456672 | CI5: 79.51705 | CJ5: 78.813292 | CK5: 78.811419 | CL5: 79.044574 | CM5: 79.666941 | CN5: 79.886465 | CO5: 79.539217 | CP5: 79.383551 | CQ5: 79.413235 | CR5: 80.156964 | CS5: 80.987485 | CT5: 81.082745 | CU5: 81.262295 | CV5: 80.365833 | CW5: 81.09557 | CX5: 81.455064 | CY5: 81.842484 | CZ5: 81.75196 | DA5: 82.017117 | DB5: 82.469871 | DC5: 82.451301 | DD5: 82.733529 | DE5: 82.971556 | DF5: 83.174303 | DG5: 83.490798 | DH5: 83.591848 | DI5: 83.716979 | DJ5: 84.293081 | DK5: 83.942304 | DL5: 84.19006 | DM5: 84.725467 | DN5: 85.8246 | DO5: 85.847561 | DP5: 85.828591 | DQ5: 86.371325 | DR5: 86.152645 | DS5: 86.402125 | DT5: 85.816699 | DU5: 86.057771 | DV5: 86.775437 | DW5: 87.357455 | DX5: 87.878105 | DY5: 88.578343 | DZ5: 89.646956 | EA5: 89.50762 | EB5: 89.674705 | EC5: 89.888768 | ED5: 90.189511 | EE5: 92.943869 | EF5: 93.539655 | EG5: 94.464877 | EH5: 95.357029 | EI5: 97.681808 | EJ5: 98.596401 | EK5: 99.167402 | EL5: 100.78546 | EM5: 102.42192 | EN5: 103.51916 | EO5: 103.77181 | EP5: 105.01665 | EQ5: 105.67783 | ER5: 106.56448 | ES5: 107.11903 | ET5: 107.40921 | EU5: 108.74476 | EV5: 109.79452 | EW5: 110.92696 | EX5: 111.85555 | EY5: 113.26514 | EZ5: 113.56159 | FA5: 113.95339 | FB5: 113.51648 | FC5: 113.23401 | FD5: 112.2 | FE5: 113 | FF5: 113.8 | FG5: 115.1 | FH5: 115.6 | FI5: 116.6 | FJ5: 116.6322 | FK5: 117.86557 | FL5: 120.11619 | FM5: 120.50318 | FN5: 120.10243 | FO5: 121.6998 | FP5: 121.1 | FQ5: 121.2 | FR5: 122 | FS5: 123.50832 | FT5: 124.2038 | FU5: 124.89928 | FV5: 125.59476 | FW5: 126.29024 | FX5: 126.98572 | FY5: 127.6812 | FZ5: 128.37668 | GA5: 129.07216 | GB5: 129.76764 | GC5: 130.46312 | GD5: 131.1586 | GE5: 131.85408 | GF5: 132.54957 | GG5: 133.24505 | GH5: 133.94053 | GI5: 134.63601 | GJ5: 135.33149 | GK5: 136.02697 | GL5: 136.72245 | GM5: 137.41793 | GN5: 138.11341 | GO5: 138.80889 | GP5: 139.50437 | GQ5: 140.19985 | GR5: 140.89533 | GS5: 141.59081 | GT5: 142.2863 | GU5: 142.98178 | GV5: 143.67726 | GW5: 144.37274 | GX5: 145.06822 | GY5: 145.7637 | GZ5: 146.45918 | HA5: 147.15466 | HB5: 147.85014 | HC5: 148.54562 | HD5: 149.2411
B6: Produits alimentaires | P6: 71.654748 | Q6: 71.594504 | R6: 71.928622 | S6: 72.451133 | T6: 73.014025 | U6: 73.023654 | V6: 73.205505 | W6: 74.065675 | X6: 74.235023 | Y6: 74.787488 | Z6: 74.315131 | AA6: 75.703499 | AB6: 75.250147 | AC6: 74.598381 | AD6: 74.635914 | AE6: 74.560515 | AF6: 75.00571 | AG6: 75.278209 | AH6: 75.279798 | AI6: 76.037498 | AJ6: 76.319646 | AK6: 77.124859 | AL6: 77.395328 | AM6: 77.409662 | AN6: 76.074792 | AO6: 75.926611 | AP6: 75.75988 | AQ6: 75.390703 | AR6: 76.074097 | AS6: 75.533847 | AT6: 76.568016 | AU6: 76.526957 | AV6: 76.566001 | AW6: 76.732752 | AX6: 77.179576 | AY6: 77.553858 | AZ6: 76.717649 | BA6: 76.785489 | BB6: 76.44619 | BC6: 77.280432 | BD6: 77.528807 | BE6: 77.721538 | BF6: 78.724906 | BG6: 78.168183 | BH6: 78.563007 | BI6: 79.122206 | BJ6: 78.410659 | BK6: 78.774923 | BL6: 78.08761 | BM6: 78.237569 | BN6: 78.062227 | BO6: 78.537744 | BP6: 79.492582 | BQ6: 78.925421 | BR6: 79.063304 | BS6: 79.210518 | BT6: 79.314405 | BU6: 78.632766 | BV6: 78.612406 | BW6: 78.292014 | BX6: 77.54055 | BY6: 77.632511 | BZ6: 77.558587 | CA6: 78.558748 | CB6: 78.788554 | CC6: 78.568117 | CD6: 78.740209 | CE6: 79.43623 | CF6: 79.730305 | CG6: 79.332144 | CH6: 79.300916 | CI6: 79.35899 | CJ6: 78.639512 | CK6: 78.639309 | CL6: 78.875885 | CM6: 79.505056 | CN6: 79.722991 | CO6: 79.367243 | CP6: 79.21043 | CQ6: 79.240901 | CR6: 79.989327 | CS6: 80.833913 | CT6: 80.928512 | CU6: 81.108503 | CV6: 80.195419 | CW6: 80.937306 | CX6: 81.270935 | CY6: 81.655628 | CZ6: 81.564554 | DA6: 81.83354 | DB6: 82.294196 | DC6: 82.269693 | DD6: 82.555577 | DE6: 82.781435 | DF6: 82.991728 | DG6: 83.305715 | DH6: 83.409855 | DI6: 83.538141 | DJ6: 84.12284 | DK6: 83.763573 | DL6: 84.01243 | DM6: 84.556049 | DN6: 85.673022 | DO6: 85.691929 | DP6: 85.66241 | DQ6: 86.212834 | DR6: 85.991852 | DS6: 86.244052 | DT6: 85.647729 | DU6: 85.891779 | DV6: 86.620803 | DW6: 87.210262 | DX6: 87.738987 | DY6: 88.445809 | DZ6: 89.527784 | EA6: 89.380198 | EB6: 89.545777 | EC6: 89.763417 | ED6: 90.067278 | EE6: 92.862379 | EF6: 93.465837 | EG6: 94.391775 | EH6: 95.288935 | EI6: 97.653476 | EJ6: 98.577093 | EK6: 99.156315 | EL6: 100.79542 | EM6: 102.44958 | EN6: 103.56584 | EO6: 103.82398 | EP6: 105.08337 | EQ6: 105.74839 | ER6: 106.7 | ES6: 107.3 | ET6: 107.6 | EU6: 108.9 | EV6: 110 | EW6: 111.2 | EX6: 112.2 | EY6: 113.6 | EZ6: 113.9 | FA6: 114.3 | FB6: 113.9 | FC6: 113.8 | FD6: 112.5 | FE6: 113.3 | FF6: 114.2 | FG6: 115.5 | FH6: 116 | FI6: 117 | FJ6: 117.1 | FK6: 118.3 | FL6: 120.7 | FM6: 121 | FN6: 120.6 | FO6: 122.3 | FP6: 121.6 | FQ6: 121.8 | FR6: 122.5
B7: Boissons non alcoolisées | P7: 81.573492 | Q7: 81.844686 | R7: 82.521435 | S7: 82.014033 | T7: 81.911215 | U7: 82.017064 | V7: 81.406434 | W7: 81.651618 | X7: 82.722631 | Y7: 82.603997 | Z7: 82.930729 | AA7: 82.841909 | AB7: 83.835541 | AC7: 83.990396 | AD7: 83.887495 | AE7: 83.886782 | AF7: 84.430309 | AG7: 84.119248 | AH7: 83.664553 | AI7: 83.448731 | AJ7: 83.258803 | AK7: 83.68711 | AL7: 83.218081 | AM7: 83.302582 | AN7: 83.451537 | AO7: 83.537463 | AP7: 83.614804 | AQ7: 83.835412 | AR7: 83.562997 | AS7: 83.264737 | AT7: 83.977165 | AU7: 84.435642 | AV7: 84.383423 | AW7: 84.329212 | AX7: 84.572493 | AY7: 84.339205 | AZ7: 84.539841 | BA7: 85.141368 | BB7: 86.640329 | BC7: 86.931294 | BD7: 87.040483 | BE7: 87.549333 | BF7: 87.636204 | BG7: 87.536465 | BH7: 87.837797 | BI7: 87.640906 | BJ7: 87.403143 | BK7: 87.497766 | BL7: 87.590502 | BM7: 87.913126 | BN7: 87.667914 | BO7: 86.993105 | BP7: 87.078903 | BQ7: 87.14873 | BR7: 87.060377 | BS7: 87.295922 | BT7: 87.260956 | BU7: 87.45085 | BV7: 87.275678 | BW7: 87.395493 | BX7: 87.948341 | BY7: 87.840699 | BZ7: 87.48724 | CA7: 87.814787 | CB7: 87.622816 | CC7: 87.581933 | CD7: 87.95611 | CE7: 87.845835 | CF7: 87.768659 | CG7: 87.66506 | CH7: 87.657426 | CI7: 87.827684 | CJ7: 87.959817 | CK7: 87.884245 | CL7: 87.916056 | CM7: 88.282095 | CN7: 88.60103 | CO7: 88.632984 | CP7: 88.525744 | CQ7: 88.515414 | CR7: 88.972132 | CS7: 89.15298 | CT7: 89.315001 | CU7: 89.499182 | CV7: 89.435816 | CW7: 89.638224 | CX7: 91.283811 | CY7: 91.806139 | CZ7: 91.770149 | DA7: 91.830233 | DB7: 91.809347 | DC7: 92.150592 | DD7: 92.23163 | DE7: 93.165165 | DF7: 92.987394 | DG7: 93.477523 | DH7: 93.369887 | DI7: 93.345982 | DJ7: 93.487342 | DK7: 93.622139 | DL7: 93.877324 | DM7: 93.955065 | DN7: 93.985108 | DO7: 94.26374 | DP7: 94.880596 | DQ7: 95.023899 | DR7: 94.914273 | DS7: 95.003151 | DT7: 95.065061 | DU7: 95.15203 | DV7: 95.243816 | DW7: 95.392969 | DX7: 95.441199 | DY7: 95.769925 | DZ7: 96.071734 | EA7: 96.348181 | EB7: 96.563492 | EC7: 96.579053 | ED7: 96.723987 | EE7: 97.340892 | EF7: 97.455153 | EG7: 98.252151 | EH7: 98.909988 | EI7: 99.185687 | EJ7: 99.648178 | EK7: 99.8377 | EL7: 100.31601 | EM7: 100.91955 | EN7: 100.9916 | EO7: 101.02734 | EP7: 101.46796 | EQ7: 101.98868 | ER7: 101.9 | ES7: 102.3 | ET7: 102.5 | EU7: 102.7 | EV7: 102.7 | EW7: 102.8 | EX7: 102.9 | EY7: 103 | EZ7: 103.1 | FA7: 103.1 | FB7: 103.1 | FC7: 103.1 | FD7: 103.4 | FE7: 103.5 | FF7: 103.6 | FG7: 103.7 | FH7: 103.8 | FI7: 104 | FJ7: 104 | FK7: 104 | FL7: 104.1 | FM7: 104.2 | FN7: 104.3 | FO7: 104.3 | FP7: 104.6 | FQ7: 104.7 | FR7: 105
A8: 02 | B8: Boissons alcoolisées et tabac | C8: 1.36 | P8: 71.228778 | Q8: 71.876501 | R8: 72.438837 | S8: 72.371557 | T8: 72.588637 | U8: 72.224466 | V8: 72.073768 | W8: 72.152977 | X8: 72.692644 | Y8: 72.277543 | Z8: 72.76464 | AA8: 72.772231 | AB8: 72.984789 | AC8: 73.166762 | AD8: 73.215128 | AE8: 74.464933 | AF8: 74.554433 | AG8: 74.617245 | AH8: 75.076854 | AI8: 74.87038 | AJ8: 74.778547 | AK8: 75.149681 | AL8: 75.291804 | AM8: 75.377602 | AN8: 75.289929 | AO8: 74.998289 | AP8: 75.33071 | AQ8: 75.418327 | AR8: 75.646485 | AS8: 75.3803 | AT8: 75.186846 | AU8: 75.73604 | AV8: 75.345208 | AW8: 75.83627 | AX8: 75.652585 | AY8: 76.068652 | AZ8: 75.826024 | BA8: 79.550209 | BB8: 81.555893 | BC8: 82.698856 | BD8: 82.999504 | BE8: 82.955882 | BF8: 83.04248 | BG8: 83.060421 | BH8: 83.044767 | BI8: 83.978342 | BJ8: 83.998233 | BK8: 84.167573 | BL8: 84.508601 | BM8: 84.268919 | BN8: 84.471671 | BO8: 84.537472 | BP8: 84.937549 | BQ8: 84.89251 | BR8: 84.774896 | BS8: 84.487003 | BT8: 84.886432 | BU8: 84.448254 | BV8: 85.143871 | BW8: 85.111616 | BX8: 85.640218 | BY8: 85.59113 | BZ8: 86.253682 | CA8: 85.625453 | CB8: 85.579484 | CC8: 85.683018 | CD8: 85.967457 | CE8: 86.050916 | CF8: 85.897762 | CG8: 86.293036 | CH8: 86.208875 | CI8: 86.237234 | CJ8: 86.566556 | CK8: 86.222404 | CL8: 86.106834 | CM8: 86.583849 | CN8: 86.733826 | CO8: 87.066894 | CP8: 87.394272 | CQ8: 87.497917 | CR8: 87.9113 | CS8: 88.022933 | CT8: 87.954462 | CU8: 88.13535 | CV8: 88.55422 | CW8: 89.371198 | CX8: 90.056492 | CY8: 91.184147 | CZ8: 91.647792 | DA8: 91.808182 | DB8: 91.837148 | DC8: 92.007246 | DD8: 92.075644 | DE8: 92.232385 | DF8: 92.369569 | DG8: 92.664005 | DH8: 93.42294 | DI8: 93.435118 | DJ8: 93.290022 | DK8: 93.511523 | DL8: 93.68319 | DM8: 93.856819 | DN8: 93.949079 | DO8: 94.136024 | DP8: 94.232782 | DQ8: 94.806248 | DR8: 95.279878 | DS8: 95.375957 | DT8: 95.106415 | DU8: 95.182 | DV8: 95.157453 | DW8: 95.535316 | DX8: 95.602766 | DY8: 95.891909 | DZ8: 96.114636 | EA8: 96.027549 | EB8: 96.320005 | EC8: 97.158007 | ED8: 96.87616 | EE8: 97.444282 | EF8: 98.338146 | EG8: 98.330232 | EH8: 98.423841 | EI8: 98.923589 | EJ8: 99.334323 | EK8: 99.825103 | EL8: 100.34996 | EM8: 100.7303 | EN8: 100.90681 | EO8: 101.27702 | EP8: 101.89516 | EQ8: 101.66553 | ER8: 101.65993 | ES8: 101.8663 | ET8: 102.15936 | EU8: 103.5612 | EV8: 103.67914 | EW8: 103.80892 | EX8: 103.90078 | EY8: 104.0703 | EZ8: 104.04734 | FA8: 104.05113 | FB8: 103.9706 | FC8: 104.07542 | FD8: 104.3 | FE8: 104.8 | FF8: 105 | FG8: 105.6 | FH8: 106 | FI8: 105.9 | FJ8: 106.07448 | FK8: 106.1211 | FL8: 106.24319 | FM8: 106.20609 | FN8: 107.07399 | FO8: 107.58681 | FP8: 108 | FQ8: 108.9 | FR8: 109.4 | FS8: 109.00984 | FT8: 109.32876 | FU8: 109.64769 | FV8: 109.96661 | FW8: 110.28554 | FX8: 110.60446 | FY8: 110.92339 | FZ8: 111.24231 | GA8: 111.56124 | GB8: 111.88016 | GC8: 112.19909 | GD8: 112.51802 | GE8: 112.83694 | GF8: 113.15587 | GG8: 113.47479 | GH8: 113.79372 | GI8: 114.11264 | GJ8: 114.43157 | GK8: 114.75049 | GL8: 115.06942 | GM8: 115.38834 | GN8: 115.70727 | GO8: 116.02619 | GP8: 116.34512 | GQ8: 116.66405 | GR8: 116.98297 | GS8: 117.3019 | GT8: 117.62082 | GU8: 117.93975 | GV8: 118.25867 | GW8: 118.5776 | GX8: 118.89652 | GY8: 119.21545 | GZ8: 119.53437 | HA8: 119.8533 | HB8: 120.17223 | HC8: 120.49115 | HD8: 120.81008
A9: 03 | B9: Articles d'habillement et chaussures | C9: 9.84 | P9: 83.476174 | Q9: 83.947549 | R9: 83.996334 | S9: 83.857415 | T9: 84.247667 | U9: 84.512491 | V9: 84.742456 | W9: 84.631754 | X9: 84.073737 | Y9: 84.523316 | Z9: 84.21387 | AA9: 85.809254 | AB9: 84.833629 | AC9: 85.122031 | AD9: 84.927872 | AE9: 85.229255 | AF9: 84.983532 | AG9: 85.196981 | AH9: 85.190923 | AI9: 85.478654 | AJ9: 85.571516 | AK9: 85.792152 | AL9: 85.613966 | AM9: 86.918045 | AN9: 86.090258 | AO9: 86.115388 | AP9: 85.756054 | AQ9: 86.048011 | AR9: 86.62486 | AS9: 86.790887 | AT9: 87.070468 | AU9: 86.953191 | AV9: 86.772742 | AW9: 87.082706 | AX9: 87.300904 | AY9: 88.191733 | AZ9: 87.102824 | BA9: 86.980531 | BB9: 86.954252 | BC9: 86.328772 | BD9: 86.775466 | BE9: 87.117308 | BF9: 86.978537 | BG9: 86.972634 | BH9: 86.775554 | BI9: 86.437629 | BJ9: 86.667536 | BK9: 87.403896 | BL9: 86.729732 | BM9: 86.614618 | BN9: 86.731218 | BO9: 86.34895 | BP9: 86.442557 | BQ9: 86.638933 | BR9: 87.17763 | BS9: 87.285229 | BT9: 87.302991 | BU9: 87.192224 | BV9: 86.714196 | BW9: 88.054324 | BX9: 87.758405 | BY9: 87.552877 | BZ9: 87.609637 | CA9: 87.667743 | CB9: 87.553472 | CC9: 87.609326 | CD9: 87.714665 | CE9: 87.844777 | CF9: 87.972465 | CG9: 87.789979 | CH9: 87.871525 | CI9: 88.279084 | CJ9: 88.29027 | CK9: 88.6123 | CL9: 88.647802 | CM9: 88.951036 | CN9: 89.167714 | CO9: 89.242393 | CP9: 89.406535 | CQ9: 89.596819 | CR9: 89.761456 | CS9: 90.14052 | CT9: 90.444038 | CU9: 90.876477 | CV9: 90.79528 | CW9: 90.931962 | CX9: 91.100082 | CY9: 91.409581 | CZ9: 91.596731 | DA9: 91.910503 | DB9: 92.029266 | DC9: 92.169215 | DD9: 92.285255 | DE9: 92.776551 | DF9: 93.097174 | DG9: 93.494535 | DH9: 93.220763 | DI9: 93.355324 | DJ9: 93.263147 | DK9: 93.740229 | DL9: 93.925802 | DM9: 94.168846 | DN9: 94.160123 | DO9: 94.255885 | DP9: 94.60134 | DQ9: 94.741428 | DR9: 94.842953 | DS9: 95.179006 | DT9: 95.2234 | DU9: 95.288445 | DV9: 95.77351 | DW9: 95.625559 | DX9: 95.811464 | DY9: 96.0336 | DZ9: 96.386904 | EA9: 96.551642 | EB9: 96.414601 | EC9: 96.867312 | ED9: 97.042492 | EE9: 97.301393 | EF9: 97.66954 | EG9: 98.206663 | EH9: 98.502684 | EI9: 99.398581 | EJ9: 99.893436 | EK9: 100.48973 | EL9: 100.08378 | EM9: 100.45318 | EN9: 101.03582 | EO9: 101.23341 | EP9: 101.26261 | EQ9: 101.77057 | ER9: 102.07135 | ES9: 102.58649 | ET9: 102.98421 | EU9: 104.12362 | EV9: 104.14809 | EW9: 104.37752 | EX9: 104.60186 | EY9: 105.00355 | EZ9: 105.20533 | FA9: 105.26384 | FB9: 105.43501 | FC9: 106.32147 | FD9: 106.1 | FE9: 106.3 | FF9: 106.6 | FG9: 106.6 | FH9: 106.7 | FI9: 106.7 | FJ9: 106.85034 | FK9: 106.9197 | FL9: 107.11904 | FM9: 107.26185 | FN9: 107.64424 | FO9: 108.73713 | FP9: 108.5 | FQ9: 108.7 | FR9: 108.8 | FS9: 108.96946 | FT9: 109.18342 | FU9: 109.39739 | FV9: 109.61135 | FW9: 109.82531 | FX9: 110.03928 | FY9: 110.25324 | FZ9: 110.4672 | GA9: 110.68117 | GB9: 110.89513 | GC9: 111.10909 | GD9: 111.32306 | GE9: 111.53702 | GF9: 111.75098 | GG9: 111.96495 | GH9: 112.17891 | GI9: 112.39287 | GJ9: 112.60684 | GK9: 112.8208 | GL9: 113.03476 | GM9: 113.24873 | GN9: 113.46269 | GO9: 113.67665 | GP9: 113.89062 | GQ9: 114.10458 | GR9: 114.31855 | GS9: 114.53251 | GT9: 114.74647 | GU9: 114.96044 | GV9: 115.1744 | GW9: 115.38836 | GX9: 115.60233 | GY9: 115.81629 | GZ9: 116.03025 | HA9: 116.24422 | HB9: 116.45818 | HC9: 116.67214 | HD9: 116.88611
A10: 04 | B10: Logement, eau, gaz, électricité et autres combustibles | C10: 12.89 | P10: 81.608481 | Q10: 81.145336 | R10: 82.20782 | S10: 82.451968 | T10: 82.418772 | U10: 83.346177 | V10: 83.457488 | W10: 83.360419 | X10: 82.800046 | Y10: 83.364315 | Z10: 83.504596 | AA10: 83.826556 | AB10: 84.129725 | AC10: 84.121631 | AD10: 84.959719 | AE10: 84.313233 | AF10: 84.223368 | AG10: 84.624939 | AH10: 85.187088 | AI10: 84.768745 | AJ10: 85.780529 | AK10: 86.169335 | AL10: 86.34061 | AM10: 86.218288 | AN10: 86.587925 | AO10: 86.651411 | AP10: 86.61145 | AQ10: 85.829228 | AR10: 85.465822 | AS10: 85.249266 | AT10: 86.304396 | AU10: 86.627533 | AV10: 87.415433 | AW10: 86.925009 | AX10: 88.70872 | AY10: 88.927278 | AZ10: 87.846742 | BA10: 88.647994 | BB10: 88.285375 | BC10: 88.990435 | BD10: 88.800845 | BE10: 89.968131 | BF10: 89.819531 | BG10: 89.820728 | BH10: 90.189772 | BI10: 89.241311 | BJ10: 89.835429 | BK10: 90.399461 | BL10: 90.11378 | BM10: 89.492509 | BN10: 90.540951 | BO10: 90.425752 | BP10: 91.062887 | BQ10: 90.24052 | BR10: 90.27982 | BS10: 91.234496 | BT10: 90.668774 | BU10: 90.904027 | BV10: 90.783048 | BW10: 91.515639 | BX10: 90.878327 | BY10: 90.950208 | BZ10: 91.600416 | CA10: 91.561676 | CB10: 91.577064 | CC10: 91.755206 | CD10: 91.659982 | CE10: 91.834272 | CF10: 92.046879 | CG10: 92.473355 | CH10: 92.211332 | CI10: 91.650866 | CJ10: 92.283948 | CK10: 91.60002 | CL10: 91.173711 | CM10: 91.551006 | CN10: 91.838205 | CO10: 92.129283 | CP10: 91.863562 | CQ10: 92.006945 | CR10: 92.120429 | CS10: 92.685009 | CT10: 92.715955 | CU10: 92.679197 | CV10: 92.803115 | CW10: 92.430523 | CX10: 92.875504 | CY10: 92.73042 | CZ10: 92.618579 | DA10: 92.583228 | DB10: 92.886596 | DC10: 93.664809 | DD10: 93.730177 | DE10: 95.058129 | DF10: 96.132511 | DG10: 95.590136 | DH10: 95.998231 | DI10: 95.988122 | DJ10: 96.15084 | DK10: 96.266169 | DL10: 96.816422 | DM10: 95.960713 | DN10: 95.967131 | DO10: 96.847619 | DP10: 95.933188 | DQ10: 97.101632 | DR10: 96.858526 | DS10: 97.161562 | DT10: 97.686113 | DU10: 97.591938 | DV10: 97.532431 | DW10: 98.008676 | DX10: 98.344716 | DY10: 98.312183 | DZ10: 98.651659 | EA10: 98.242806 | EB10: 98.483058 | EC10: 98.502104 | ED10: 98.22765 | EE10: 98.552558 | EF10: 99.167533 | EG10: 99.005432 | EH10: 99.756799 | EI10: 99.849233 | EJ10: 100.15214 | EK10: 99.4167 | EL10: 99.347191 | EM10: 99.695295 | EN10: 99.822266 | EO10: 101.00185 | EP10: 101.16489 | EQ10: 101.62067 | ER10: 101.69286 | ES10: 102.38159 | ET10: 102.59518 | EU10: 102.74684 | EV10: 103.06456 | EW10: 103.36919 | EX10: 103.94054 | EY10: 103.83783 | EZ10: 103.99272 | FA10: 104.22801 | FB10: 104.71919 | FC10: 104.47789 | FD10: 104.7 | FE10: 105.6 | FF10: 105.7 | FG10: 105.9 | FH10: 106.7 | FI10: 107.1 | FJ10: 107.05955 | FK10: 107.29182 | FL10: 107.51894 | FM10: 107.66366 | FN10: 108.01433 | FO10: 108.4781 | FP10: 108.7 | FQ10: 108.7 | FR10: 109.1 | FS10: 109.41033 | FT10: 109.67854 | FU10: 109.94676 | FV10: 110.21498 | FW10: 110.4832 | FX10: 110.75142 | FY10: 111.01963 | FZ10: 111.28785 | GA10: 111.55607 | GB10: 111.82429 | GC10: 112.09251 | GD10: 112.36073 | GE10: 112.62894 | GF10: 112.89716 | GG10: 113.16538 | GH10: 113.4336 | GI10: 113.70182 | GJ10: 113.97003 | GK10: 114.23825 | GL10: 114.50647 | GM10: 114.77469 | GN10: 115.04291 | GO10: 115.31112 | GP10: 115.57934 | GQ10: 115.84756 | GR10: 116.11578 | GS10: 116.384 | GT10: 116.65221 | GU10: 116.92043 | GV10: 117.18865 | GW10: 117.45687 | GX10: 117.72509 | GY10: 117.99331 | GZ10: 118.26152 | HA10: 118.52974 | HB10: 118.79796 | HC10: 119.06618 | HD10: 119.3344
A11: 05 | B11: Meubles, articles de ménage et entretien courant de la maison | C11: 5.1 | P11: 85.477666 | Q11: 85.140194 | R11: 85.218789 | S11: 85.370018 | T11: 85.38013 | U11: 84.609568 | V11: 85.17722 | W11: 84.962662 | X11: 84.97514 | Y11: 85.299743 | Z11: 85.441104 | AA11: 85.69565 | AB11: 86.239608 | AC11: 86.972958 | AD11: 86.728536 | AE11: 86.468399 | AF11: 86.907173 | AG11: 86.656741 | AH11: 87.213544 | AI11: 87.269271 | AJ11: 87.426758 | AK11: 87.251358 | AL11: 87.253563 | AM11: 87.572937 | AN11: 87.11149 | AO11: 87.409817 | AP11: 87.086627 | AQ11: 87.073402 | AR11: 87.100025 | AS11: 87.074313 | AT11: 87.376936 | AU11: 87.653297 | AV11: 87.809453 | AW11: 87.293969 | AX11: 87.528741 | AY11: 87.533063 | AZ11: 87.733019 | BA11: 88.089201 | BB11: 87.986009 | BC11: 88.492966 | BD11: 88.464932 | BE11: 88.676096 | BF11: 89.080592 | BG11: 88.868803 | BH11: 89.209255 | BI11: 88.930053 | BJ11: 88.891154 | BK11: 88.907343 | BL11: 88.831955 | BM11: 88.874844 | BN11: 89.598053 | BO11: 89.29167 | BP11: 89.113587 | BQ11: 88.98499 | BR11: 88.748873 | BS11: 88.97586 | BT11: 89.071836 | BU11: 89.43469 | BV11: 89.470831 | BW11: 89.628991 | BX11: 89.639242 | BY11: 89.295619 | BZ11: 89.477441 | CA11: 89.315764 | CB11: 89.1405 | CC11: 89.240818 | CD11: 89.405942 | CE11: 89.462198 | CF11: 89.443898 | CG11: 89.515758 | CH11: 89.497028 | CI11: 89.799555 | CJ11: 89.517859 | CK11: 89.65842 | CL11: 89.640687 | CM11: 89.922716 | CN11: 90.111723 | CO11: 90.226868 | CP11: 90.227913 | CQ11: 90.339526 | CR11: 90.641411 | CS11: 90.788739 | CT11: 90.739928 | CU11: 90.991109 | CV11: 91.15132 | CW11: 91.380856 | CX11: 91.51321 | CY11: 91.825366 | CZ11: 91.95076 | DA11: 91.940317 | DB11: 91.949488 | DC11: 92.054692 | DD11: 92.163033 | DE11: 92.300152 | DF11: 92.377793 | DG11: 92.53858 | DH11: 92.64357 | DI11: 92.582435 | DJ11: 92.632931 | DK11: 92.783999 | DL11: 93.163051 | DM11: 93.452155 | DN11: 93.357434 | DO11: 93.462253 | DP11: 93.77837 | DQ11: 94.028958 | DR11: 94.08246 | DS11: 94.070557 | DT11: 94.177626 | DU11: 94.319608 | DV11: 94.452889 | DW11: 94.457674 | DX11: 94.502592 | DY11: 94.568668 | DZ11: 94.722046 | EA11: 94.772989 | EB11: 94.818019 | EC11: 94.940378 | ED11: 95.060604 | EE11: 95.136269 | EF11: 95.421829 | EG11: 96.167584 | EH11: 96.903031 | EI11: 97.922948 | EJ11: 98.86533 | EK11: 99.78915 | EL11: 100.80535 | EM11: 101.26254 | EN11: 101.98702 | EO11: 102.70313 | EP11: 103.74248 | EQ11: 104.4296 | ER11: 105.23528 | ES11: 105.74341 | ET11: 106.34148 | EU11: 107.04328 | EV11: 107.27779 | EW11: 107.46936 | EX11: 107.53873 | EY11: 107.62349 | EZ11: 107.72931 | FA11: 107.919 | FB11: 108.06678 | FC11: 108.15354 | FD11: 108.2 | FE11: 108.6 | FF11: 108.7 | FG11: 108.9 | FH11: 109.2 | FI11: 109.4 | FJ11: 109.58834 | FK11: 109.74043 | FL11: 109.81538 | FM11: 109.84 | FN11: 109.88183 | FO11: 109.67039 | FP11: 110 | FQ11: 110.1 | FR11: 110.2 | FS11: 110.37579 | FT11: 110.48402 | FU11: 110.59225 | FV11: 110.70047 | FW11: 110.8087 | FX11: 110.91693 | FY11: 111.02516 | FZ11: 111.13339 | GA11: 111.24162 | GB11: 111.34985 | GC11: 111.45808 | GD11: 111.56631 | GE11: 111.67454 | GF11: 111.78277 | GG11: 111.891 | GH11: 111.99923 | GI11: 112.10745 | GJ11: 112.21568 | GK11: 112.32391 | GL11: 112.43214 | GM11: 112.54037 | GN11: 112.6486 | GO11: 112.75683 | GP11: 112.86506 | GQ11: 112.97329 | GR11: 113.08152 | GS11: 113.18975 | GT11: 113.29798 | GU11: 113.40621 | GV11: 113.51443 | GW11: 113.62266 | GX11: 113.73089 | GY11: 113.83912 | GZ11: 113.94735 | HA11: 114.05558 | HB11: 114.16381 | HC11: 114.27204 | HD11: 114.38027
A12: 06 | B12: Santé | C12: 4.78 | P12: 96.282748 | Q12: 96.580758 | R12: 96.757232 | S12: 96.56153 | T12: 96.377764 | U12: 96.203801 | V12: 96.503132 | W12: 96.641388 | X12: 96.646281 | Y12: 96.474663 | Z12: 96.470429 | AA12: 96.572134 | AB12: 96.534001 | AC12: 96.836536 | AD12: 96.863765 | AE12: 96.8666 | AF12: 96.902408 | AG12: 97.091207 | AH12: 96.902505 | AI12: 96.70861 | AJ12: 96.861221 | AK12: 97.678173 | AL12: 97.725536 | AM12: 97.503508 | AN12: 97.744686 | AO12: 97.638657 | AP12: 97.735972 | AQ12: 97.617366 | AR12: 97.856002 | AS12: 97.681431 | AT12: 97.853825 | AU12: 97.885985 | AV12: 97.767296 | AW12: 97.836935 | AX12: 97.763687 | AY12: 97.686248 | AZ12: 98.170032 | BA12: 98.136498 | BB12: 98.373504 | BC12: 98.509167 | BD12: 98.070677 | BE12: 98.158355 | BF12: 97.953376 | BG12: 98.014158 | BH12: 98.049281 | BI12: 98.570129 | BJ12: 98.425948 | BK12: 98.211573 | BL12: 98.056453 | BM12: 97.941023 | BN12: 97.917432 | BO12: 98.140997 | BP12: 97.778613 | BQ12: 97.687706 | BR12: 97.756741 | BS12: 97.702589 | BT12: 97.798971 | BU12: 97.936906 | BV12: 98.068263 | BW12: 98.153903 | BX12: 98.206815 | BY12: 98.204638 | BZ12: 97.946729 | CA12: 98.141302 | CB12: 98.1926 | CC12: 98.206248 | CD12: 98.240516 | CE12: 98.210266 | CF12: 98.21459 | CG12: 98.286994 | CH12: 98.299421 | CI12: 98.316978 | CJ12: 98.194292 | CK12: 98.229916 | CL12: 98.23695 | CM12: 98.366581 | CN12: 98.544798 | CO12: 98.63713 | CP12: 98.910456 | CQ12: 98.91951 | CR12: 98.920384 | CS12: 98.927395 | CT12: 98.921205 | CU12: 98.930274 | CV12: 98.918227 | CW12: 98.978593 | CX12: 99.131724 | CY12: 99.196066 | CZ12: 99.227934 | DA12: 99.253974 | DB12: 99.315514 | DC12: 99.242231 | DD12: 99.258826 | DE12: 99.268226 | DF12: 99.277015 | DG12: 99.292124 | DH12: 99.254991 | DI12: 99.282654 | DJ12: 99.334038 | DK12: 99.372313 | DL12: 99.430866 | DM12: 99.453132 | DN12: 99.396361 | DO12: 99.409634 | DP12: 99.49852 | DQ12: 99.541922 | DR12: 99.533434 | DS12: 99.528246 | DT12: 99.514029 | DU12: 99.516777 | DV12: 99.521965 | DW12: 99.495826 | DX12: 99.544655 | DY12: 99.548251 | DZ12: 99.591688 | EA12: 99.588963 | EB12: 99.624608 | EC12: 99.640489 | ED12: 99.661599 | EE12: 99.667083 | EF12: 99.707061 | EG12: 99.6829 | EH12: 99.815952 | EI12: 99.932093 | EJ12: 99.892449 | EK12: 100.02307 | EL12: 100.05505 | EM12: 100.06269 | EN12: 100.10484 | EO12: 100.16261 | EP12: 100.26991 | EQ12: 100.29138 | ER12: 100.46392 | ES12: 100.62069 | ET12: 100.69337 | EU12: 100.79603 | EV12: 100.82795 | EW12: 100.84413 | EX12: 100.89654 | EY12: 100.9654 | EZ12: 100.9901 | FA12: 101.01048 | FB12: 101.03592 | FC12: 101.04787 | FD12: 101.1 | FE12: 101.2 | FF12: 101.4 | FG12: 101.4 | FH12: 101.4 | FI12: 101.5 | FJ12: 101.5395 | FK12: 101.53068 | FL12: 101.62688 | FM12: 101.67131 | FN12: 101.72856 | FO12: 101.80681 | FP12: 101.8 | FQ12: 101.9 | FR12: 101.9 | FS12: 101.95949 | FT12: 102.00641 | FU12: 102.05332 | FV12: 102.10024 | FW12: 102.14716 | FX12: 102.19408 | FY12: 102.241 | FZ12: 102.28792 | GA12: 102.33484 | GB12: 102.38176 | GC12: 102.42867 | GD12: 102.47559 | GE12: 102.52251 | GF12: 102.56943 | GG12: 102.61635 | GH12: 102.66327 | GI12: 102.71019 | GJ12: 102.75711 | GK12: 102.80402 | GL12: 102.85094 | GM12: 102.89786 | GN12: 102.94478 | GO12: 102.9917 | GP12: 103.03862 | GQ12: 103.08554 | GR12: 103.13245 | GS12: 103.17937 | GT12: 103.22629 | GU12: 103.27321 | GV12: 103.32013 | GW12: 103.36705 | GX12: 103.41397 | GY12: 103.46089 | GZ12: 103.5078 | HA12: 103.55472 | HB12: 103.60164 | HC12: 103.64856 | HD12: 103.69548
A13: 07 | B13: Transports | C13: 11.27 | P13: 77.104881 | Q13: 76.889758 | R13: 76.841601 | S13: 77.257096 | T13: 77.523434 | U13: 77.557357 | V13: 78.793887 | W13: 79.039137 | X13: 79.033503 | Y13: 78.977382 | Z13: 79.123393 | AA13: 79.404572 | AB13: 79.132305 | AC13: 79.379034 | AD13: 79.180723 | AE13: 79.524185 | AF13: 79.403262 | AG13: 79.549257 | AH13: 79.400788 | AI13: 79.897551 | AJ13: 79.749655 | AK13: 80.06884 | AL13: 79.702207 | AM13: 80.195502 | AN13: 80.401441 | AO13: 80.270643 | AP13: 80.0292 | AQ13: 79.944569 | AR13: 80.299669 | AS13: 80.511459 | AT13: 90.627178 | AU13: 90.96381 | AV13: 91.504831 | AW13: 91.056197 | AX13: 91.670599 | AY13: 91.605353 | AZ13: 91.780704 | BA13: 91.930349 | BB13: 92.132538 | BC13: 92.009186 | BD13: 92.354255 | BE13: 92.436864 | BF13: 91.955704 | BG13: 92.444255 | BH13: 92.591751 | BI13: 92.159589 | BJ13: 92.256901 | BK13: 92.205914 | BL13: 91.327392 | BM13: 91.139876 | BN13: 91.646022 | BO13: 91.389195 | BP13: 91.574054 | BQ13: 91.672232 | BR13: 91.414358 | BS13: 91.897138 | BT13: 91.476334 | BU13: 91.573205 | BV13: 91.634124 | BW13: 91.711489 | BX13: 92.145201 | BY13: 92.13738 | BZ13: 92.339513 | CA13: 92.429541 | CB13: 92.3582 | CC13: 92.380234 | CD13: 92.174018 | CE13: 92.409065 | CF13: 92.305394 | CG13: 92.058969 | CH13: 92.084827 | CI13: 92.258462 | CJ13: 92.153418 | CK13: 92.22789 | CL13: 92.140669 | CM13: 92.236743 | CN13: 92.305703 | CO13: 92.440538 | CP13: 93.135747 | CQ13: 93.400513 | CR13: 93.398843 | CS13: 93.596986 | CT13: 93.66378 | CU13: 93.976653 | CV13: 94.125321 | CW13: 94.147607 | CX13: 94.192631 | CY13: 94.550636 | CZ13: 94.663221 | DA13: 94.659552 | DB13: 94.723591 | DC13: 94.89459 | DD13: 94.894545 | DE13: 94.987907 | DF13: 95.029869 | DG13: 95.340784 | DH13: 95.133617 | DI13: 95.462764 | DJ13: 96.208337 | DK13: 99.988453 | DL13: 96.358909 | DM13: 96.295893 | DN13: 96.270915 | DO13: 96.387555 | DP13: 96.510405 | DQ13: 96.783672 | DR13: 96.886308 | DS13: 96.930766 | DT13: 96.851005 | DU13: 96.836477 | DV13: 96.932997 | DW13: 97.005928 | DX13: 97.096782 | DY13: 97.137169 | DZ13: 97.497267 | EA13: 97.584626 | EB13: 97.560297 | EC13: 97.807655 | ED13: 97.949423 | EE13: 98.396289 | EF13: 98.616543 | EG13: 98.779089 | EH13: 99.040255 | EI13: 99.309691 | EJ13: 99.513094 | EK13: 100.34314 | EL13: 100.31145 | EM13: 100.71072 | EN13: 100.70004 | EO13: 100.85272 | EP13: 100.89328 | EQ13: 100.92999 | ER13: 101.05273 | ES13: 109.69452 | ET13: 114.85975 | EU13: 115.2817 | EV13: 115.63748 | EW13: 117.09953 | EX13: 117.38806 | EY13: 117.5824 | EZ13: 117.54189 | FA13: 117.5239 | FB13: 117.93591 | FC13: 118.48707 | FD13: 118.2 | FE13: 125.8 | FF13: 128.3 | FG13: 129.6 | FH13: 130.2 | FI13: 130.2 | FJ13: 130.23352 | FK13: 130.1636 | FL13: 130.68177 | FM13: 131.5441 | FN13: 131.97174 | FO13: 132.16938 | FP13: 131.8 | FQ13: 131.8 | FR13: 131.9 | FS13: 132.72666 | FT13: 133.0001 | FU13: 133.27353 | FV13: 133.54697 | FW13: 133.8204 | FX13: 134.09384 | FY13: 134.36727 | FZ13: 134.64071 | GA13: 134.91414 | GB13: 135.18757 | GC13: 135.46101 | GD13: 135.73444 | GE13: 136.00788 | GF13: 136.28131 | GG13: 136.55475 | GH13: 136.82818 | GI13: 137.10162 | GJ13: 137.37505 | GK13: 137.64848 | GL13: 137.92192 | GM13: 138.19535 | GN13: 138.46879 | GO13: 138.74222 | GP13: 139.01566 | GQ13: 139.28909 | GR13: 139.56253 | GS13: 139.83596 | GT13: 140.10939 | GU13: 140.38283 | GV13: 140.65626 | GW13: 140.9297 | GX13: 141.20313 | GY13: 141.47657 | GZ13: 141.75 | HA13: 142.02344 | HB13: 142.29687 | HC13: 142.5703 | HD13: 142.84374
A14: 08 | B14: Communications | C14: 4.59 | P14: 109.05164 | Q14: 108.13911 | R14: 108.62168 | S14: 108.49477 | T14: 108.75607 | U14: 108.10319 | V14: 107.30394 | W14: 106.72664 | X14: 107.10509 | Y14: 106.76614 | Z14: 106.89185 | AA14: 106.54722 | AB14: 106.12678 | AC14: 105.53068 | AD14: 105.56934 | AE14: 106.65271 | AF14: 105.36851 | AG14: 104.54903 | AH14: 104.01243 | AI14: 103.40017 | AJ14: 103.41954 | AK14: 103.52534 | AL14: 103.42388 | AM14: 103.49918 | AN14: 103.34755 | AO14: 102.52898 | AP14: 103.08007 | AQ14: 102.19498 | AR14: 102.04587 | AS14: 102.88875 | AT14: 102.45728 | AU14: 100.7277 | AV14: 101.72641 | AW14: 101.01331 | AX14: 101.24286 | AY14: 100.56202 | AZ14: 99.978959 | BA14: 99.641745 | BB14: 99.763791 | BC14: 99.665555 | BD14: 99.652308 | BE14: 100.90771 | BF14: 99.435946 | BG14: 99.829678 | BH14: 98.398445 | BI14: 98.102533 | BJ14: 97.412554 | BK14: 97.631755 | BL14: 98.320521 | BM14: 98.235143 | BN14: 97.150836 | BO14: 96.789757 | BP14: 96.525153 | BQ14: 96.776297 | BR14: 96.507909 | BS14: 96.614629 | BT14: 96.527436 | BU14: 96.322824 | BV14: 97.135173 | BW14: 97.131657 | BX14: 97.851736 | BY14: 97.328028 | BZ14: 97.69548 | CA14: 97.945047 | CB14: 97.642732 | CC14: 97.649226 | CD14: 97.686156 | CE14: 97.749781 | CF14: 97.662998 | CG14: 97.715878 | CH14: 97.557534 | CI14: 97.61447 | CJ14: 97.717456 | CK14: 97.606064 | CL14: 98.018145 | CM14: 97.952431 | CN14: 97.946786 | CO14: 97.84579 | CP14: 97.882521 | CQ14: 97.912654 | CR14: 97.927955 | CS14: 97.926346 | CT14: 97.995375 | CU14: 98.018552 | CV14: 97.909897 | CW14: 97.969753 | CX14: 98.009302 | CY14: 98.043292 | CZ14: 98.15258 | DA14: 98.169895 | DB14: 98.115261 | DC14: 98.124008 | DD14: 98.198437 | DE14: 98.427128 | DF14: 98.459156 | DG14: 98.575872 | DH14: 98.614099 | DI14: 98.620352 | DJ14: 98.702606 | DK14: 98.882008 | DL14: 98.705601 | DM14: 98.777387 | DN14: 98.730099 | DO14: 98.709738 | DP14: 98.963831 | DQ14: 98.879358 | DR14: 99.099301 | DS14: 99.107274 | DT14: 99.026565 | DU14: 99.160612 | DV14: 99.17527 | DW14: 99.169921 | DX14: 99.215426 | DY14: 99.281879 | DZ14: 99.299264 | EA14: 99.291739 | EB14: 99.291838 | EC14: 99.390467 | ED14: 99.335551 | EE14: 99.371509 | EF14: 99.391199 | EG14: 99.417621 | EH14: 99.504038 | EI14: 99.643245 | EJ14: 99.718915 | EK14: 100.10612 | EL14: 100.10418 | EM14: 100.49331 | EN14: 100.36236 | EO14: 100.39797 | EP14: 100.40127 | EQ14: 100.45976 | ER14: 100.31484 | ES14: 100.38917 | ET14: 100.39963 | EU14: 100.38218 | EV14: 100.40958 | EW14: 100.42959 | EX14: 100.34376 | EY14: 100.36056 | EZ14: 100.37518 | FA14: 100.38706 | FB14: 100.35199 | FC14: 100.33586 | FD14: 100.3 | FE14: 100.4 | FF14: 100.5 | FG14: 100.5 | FH14: 100.5 | FI14: 100.5 | FJ14: 100.46721 | FK14: 100.48206 | FL14: 100.46773 | FM14: 100.36743 | FN14: 100.18655 | FO14: 100.19361 | FP14: 100.2 | FQ14: 100.2 | FR14: 100.1 | FS14: 100.10131 | FT14: 100.06452 | FU14: 100.02774 | FV14: 99.990949 | FW14: 99.954162 | FX14: 99.917376 | FY14: 99.880589 | FZ14: 99.843803 | GA14: 99.807016 | GB14: 99.77023 | GC14: 99.733443 | GD14: 99.696657 | GE14: 99.65987 | GF14: 99.623084 | GG14: 99.586297 | GH14: 99.549511 | GI14: 99.512724 | GJ14: 99.475938 | GK14: 99.439151 | GL14: 99.402365 | GM14: 99.365578 | GN14: 99.328792 | GO14: 99.292005 | GP14: 99.255219 | GQ14: 99.218432 | GR14: 99.181646 | GS14: 99.144859 | GT14: 99.108073 | GU14: 99.071286 | GV14: 99.0345 | GW14: 98.997713 | GX14: 98.960927 | GY14: 98.92414 | GZ14: 98.887354 | HA14: 98.850567 | HB14: 98.813781 | HC14: 98.776994 | HD14: 98.740208
A15: 09 | B15: Loisirs et culture | C15: 3.35 | P15: 90.807201 | Q15: 90.516049 | R15: 90.238763 | S15: 90.122192 | T15: 90.5538 | U15: 90.344972 | V15: 90.752962 | W15: 90.530136 | X15: 90.869974 | Y15: 91.398812 | Z15: 91.339866 | AA15: 91.056057 | AB15: 91.145053 | AC15: 90.633791 | AD15: 90.661605 | AE15: 91.118032 | AF15: 90.891416 | AG15: 90.799659 | AH15: 90.62924 | AI15: 90.933267 | AJ15: 90.52511 | AK15: 90.90975 | AL15: 91.522687 | AM15: 91.346831 | AN15: 90.918562 | AO15: 91.024737 | AP15: 91.190564 | AQ15: 91.557165 | AR15: 91.734128 | AS15: 91.80215 | AT15: 91.726477 | AU15: 91.657254 | AV15: 91.874328 | AW15: 91.717403 | AX15: 91.7711 | AY15: 91.908704 | AZ15: 91.058927 | BA15: 91.161412 | BB15: 91.041131 | BC15: 91.01742 | BD15: 91.249093 | BE15: 91.413945 | BF15: 91.395953 | BG15: 91.806572 | BH15: 93.83197 | BI15: 93.149031 | BJ15: 93.209064 | BK15: 93.187644 | BL15: 93.025378 | BM15: 92.890153 | BN15: 92.970848 | BO15: 93.268497 | BP15: 93.296146 | BQ15: 93.076907 | BR15: 93.075114 | BS15: 93.141784 | BT15: 93.717944 | BU15: 93.781979 | BV15: 93.554264 | BW15: 93.806339 | BX15: 93.646841 | BY15: 93.860991 | BZ15: 93.320224 | CA15: 93.736621 | CB15: 93.887676 | CC15: 93.709155 | CD15: 93.773392 | CE15: 94.087804 | CF15: 94.12597 | CG15: 94.147722 | CH15: 94.204186 | CI15: 94.251005 | CJ15: 94.17162 | CK15: 94.220282 | CL15: 94.150784 | CM15: 94.333574 | CN15: 94.486335 | CO15: 94.819904 | CP15: 94.958205 | CQ15: 95.005144 | CR15: 95.047964 | CS15: 95.045653 | CT15: 94.96009 | CU15: 94.980287 | CV15: 94.944956 | CW15: 94.975013 | CX15: 95.327615 | CY15: 95.71712 | CZ15: 95.843754 | DA15: 96.010969 | DB15: 96.051893 | DC15: 96.203938 | DD15: 96.362523 | DE15: 96.493855 | DF15: 96.444111 | DG15: 96.49114 | DH15: 96.51941 | DI15: 96.510137 | DJ15: 96.510497 | DK15: 97.510462 | DL15: 97.545578 | DM15: 97.632 | DN15: 97.558533 | DO15: 97.547343 | DP15: 97.655588 | DQ15: 97.796841 | DR15: 97.993412 | DS15: 97.982773 | DT15: 98.005158 | DU15: 97.99887 | DV15: 98.008896 | DW15: 98.112625 | DX15: 97.989913 | DY15: 97.980815 | DZ15: 98.269853 | EA15: 98.466189 | EB15: 98.528848 | EC15: 98.591776 | ED15: 98.834409 | EE15: 99.192075 | EF15: 99.299927 | EG15: 99.340532 | EH15: 99.445039 | EI15: 99.751741 | EJ15: 99.91811 | EK15: 99.943636 | EL15: 100.2725 | EM15: 99.99689 | EN15: 100.22426 | EO15: 100.21172 | EP15: 100.60617 | EQ15: 100.98949 | ER15: 101.09553 | ES15: 101.20506 | ET15: 101.37786 | EU15: 101.44223 | EV15: 101.49392 | EW15: 101.50869 | EX15: 101.65856 | EY15: 102.30944 | EZ15: 102.63008 | FA15: 102.55037 | FB15: 102.55832 | FC15: 102.64248 | FD15: 102.6 | FE15: 102.6 | FF15: 102.6 | FG15: 102.6 | FH15: 102.6 | FI15: 102.4 | FJ15: 102.31131 | FK15: 102.97287 | FL15: 102.98387 | FM15: 102.96465 | FN15: 103.02843 | FO15: 103.0735 | FP15: 103 | FQ15: 103 | FR15: 103 | FS15: 103.17368 | FT15: 103.22559 | FU15: 103.27749 | FV15: 103.3294 | FW15: 103.3813 | FX15: 103.4332 | FY15: 103.48511 | FZ15: 103.53701 | GA15: 103.58892 | GB15: 103.64082 | GC15: 103.69272 | GD15: 103.74463 | GE15: 103.79653 | GF15: 103.84844 | GG15: 103.90034 | GH15: 103.95224 | GI15: 104.00415 | GJ15: 104.05605 | GK15: 104.10796 | GL15: 104.15986 | GM15: 104.21176 | GN15: 104.26367 | GO15: 104.31557 | GP15: 104.36747 | GQ15: 104.41938 | GR15: 104.47128 | GS15: 104.52319 | GT15: 104.57509 | GU15: 104.62699 | GV15: 104.6789 | GW15: 104.7308 | GX15: 104.78271 | GY15: 104.83461 | GZ15: 104.88651 | HA15: 104.93842 | HB15: 104.99032 | HC15: 105.04223 | HD15: 105.09413
A16: 10 | B16: Enseignement | C16: 3.07 | P16: 83.11472 | Q16: 83.096547 | R16: 83.140907 | S16: 83.161192 | T16: 83.37625 | U16: 83.340789 | V16: 83.659642 | W16: 85.967069 | X16: 86.689936 | Y16: 87.075012 | Z16: 87.132441 | AA16: 87.222076 | AB16: 87.063183 | AC16: 87.078945 | AD16: 87.093616 | AE16: 87.108097 | AF16: 87.059573 | AG16: 87.059666 | AH16: 86.900269 | AI16: 87.293366 | AJ16: 87.636771 | AK16: 87.75831 | AL16: 87.793007 | AM16: 87.749605 | AN16: 87.681546 | AO16: 87.611771 | AP16: 87.633121 | AQ16: 87.702643 | AR16: 87.716935 | AS16: 87.671107 | AT16: 87.882671 | AU16: 88.53612 | AV16: 88.955976 | AW16: 88.957126 | AX16: 89.266468 | AY16: 89.09792 | AZ16: 89.136161 | BA16: 89.192125 | BB16: 89.139123 | BC16: 89.077693 | BD16: 89.053481 | BE16: 89.297105 | BF16: 89.184412 | BG16: 90.324766 | BH16: 91.718299 | BI16: 92.072873 | BJ16: 91.998738 | BK16: 91.976042 | BL16: 91.952655 | BM16: 91.983641 | BN16: 92.256164 | BO16: 92.262496 | BP16: 92.219009 | BQ16: 92.397429 | BR16: 92.685051 | BS16: 92.794723 | BT16: 93.394919 | BU16: 92.689988 | BV16: 92.829019 | BW16: 92.901635 | BX16: 93.08683 | BY16: 92.983187 | BZ16: 93.003133 | CA16: 93.24414 | CB16: 93.21419 | CC16: 93.224122 | CD16: 93.237803 | CE16: 93.432766 | CF16: 93.996623 | CG16: 94.000738 | CH16: 93.99278 | CI16: 94.012177 | CJ16: 94.034266 | CK16: 94.146576 | CL16: 94.130672 | CM16: 94.154999 | CN16: 94.195043 | CO16: 94.193912 | CP16: 94.274421 | CQ16: 94.628951 | CR16: 95.15643 | CS16: 95.283747 | CT16: 95.484758 | CU16: 95.475344 | CV16: 95.514163 | CW16: 95.565986 | CX16: 95.531511 | CY16: 95.589257 | CZ16: 95.615077 | DA16: 95.613841 | DB16: 95.631576 | DC16: 95.86204 | DD16: 95.929074 | DE16: 96.02554 | DF16: 96.01067 | DG16: 96.273614 | DH16: 96.04585 | DI16: 96.103072 | DJ16: 96.103466 | DK16: 96.174123 | DL16: 96.174123 | DM16: 96.174489 | DN16: 96.304475 | DO16: 96.304294 | DP16: 96.552366 | DQ16: 96.75522 | DR16: 96.977705 | DS16: 96.97998 | DT16: 97.023121 | DU16: 97.023746 | DV16: 97.030586 | DW16: 97.031428 | DX16: 97.016813 | DY16: 97.030586 | DZ16: 97.422587 | EA16: 97.790411 | EB16: 97.900116 | EC16: 98.161318 | ED16: 98.478174 | EE16: 98.553192 | EF16: 98.556566 | EG16: 98.619934 | EH16: 98.640575 | EI16: 98.644528 | EJ16: 98.677845 | EK16: 98.676114 | EL16: 99.221228 | EM16: 101.00157 | EN16: 101.89516 | EO16: 102.00279 | EP16: 102.03101 | EQ16: 102.03267 | ER16: 102.22269 | ES16: 102.30111 | ET16: 102.30369 | EU16: 102.30364 | EV16: 102.28338 | EW16: 102.32529 | EX16: 102.55367 | EY16: 103.72552 | EZ16: 104.42944 | FA16: 104.46204 | FB16: 104.50061 | FC16: 104.50058 | FD16: 104.5 | FE16: 104.5 | FF16: 104.5 | FG16: 104.5 | FH16: 104.5 | FI16: 104.6 | FJ16: 105.10591 | FK16: 105.51086 | FL16: 105.94609 | FM16: 106.06876 | FN16: 106.08865 | FO16: 106.08528 | FP16: 106.1 | FQ16: 106.2 | FR16: 106.3 | FS16: 106.75732 | FT16: 106.93688 | FU16: 107.11643 | FV16: 107.29599 | FW16: 107.47554 | FX16: 107.6551 | FY16: 107.83466 | FZ16: 108.01421 | GA16: 108.19377 | GB16: 108.37332 | GC16: 108.55288 | GD16: 108.73244 | GE16: 108.91199 | GF16: 109.09155 | GG16: 109.2711 | GH16: 109.45066 | GI16: 109.63022 | GJ16: 109.80977 | GK16: 109.98933 | GL16: 110.16888 | GM16: 110.34844 | GN16: 110.528 | GO16: 110.70755 | GP16: 110.88711 | GQ16: 111.06667 | GR16: 111.24622 | GS16: 111.42578 | GT16: 111.60533 | GU16: 111.78489 | GV16: 111.96445 | GW16: 112.144 | GX16: 112.32356 | GY16: 112.50311 | GZ16: 112.68267 | HA16: 112.86223 | HB16: 113.04178 | HC16: 113.22134 | HD16: 113.40089
A17: 11 | B17: Restarants et hotels | C17: 6.69 | P17: 71.228498 | Q17: 71.454467 | R17: 71.918171 | S17: 71.993088 | T17: 72.435784 | U17: 72.254743 | V17: 72.150315 | W17: 72.515852 | X17: 72.079277 | Y17: 72.304682 | Z17: 72.763237 | AA17: 72.882939 | AB17: 72.4818 | AC17: 72.701156 | AD17: 73.027431 | AE17: 72.676854 | AF17: 72.992595 | AG17: 73.424021 | AH17: 73.509907 | AI17: 74.092527 | AJ17: 74.368594 | AK17: 74.197874 | AL17: 74.237579 | AM17: 74.651606 | AN17: 74.788313 | AO17: 74.756516 | AP17: 74.379348 | AQ17: 74.874693 | AR17: 75.692309 | AS17: 75.627953 | AT17: 76.566407 | AU17: 77.209864 | AV17: 77.322994 | AW17: 77.264918 | AX17: 77.296747 | AY17: 77.936391 | AZ17: 77.310871 | BA17: 78.633481 | BB17: 79.962448 | BC17: 80.570569 | BD17: 80.731512 | BE17: 80.909382 | BF17: 81.486844 | BG17: 81.396696 | BH17: 81.436264 | BI17: 81.369568 | BJ17: 81.606518 | BK17: 81.776946 | BL17: 82.860211 | BM17: 83.224383 | BN17: 82.881018 | BO17: 83.273307 | BP17: 83.234307 | BQ17: 83.450511 | BR17: 83.200629 | BS17: 83.588686 | BT17: 83.813404 | BU17: 83.609053 | BV17: 83.650685 | BW17: 83.78754 | BX17: 84.192102 | BY17: 84.215206 | BZ17: 84.12614 | CA17: 84.458441 | CB17: 84.002961 | CC17: 84.229853 | CD17: 84.22297 | CE17: 84.280294 | CF17: 83.97722 | CG17: 83.999816 | CH17: 84.052728 | CI17: 84.147782 | CJ17: 84.633024 | CK17: 84.607331 | CL17: 84.617697 | CM17: 84.484259 | CN17: 84.756252 | CO17: 85.207539 | CP17: 85.998021 | CQ17: 86.206637 | CR17: 86.273785 | CS17: 86.362596 | CT17: 86.617648 | CU17: 87.795649 | CV17: 88.26956 | CW17: 88.241194 | CX17: 89.941082 | CY17: 90.610147 | CZ17: 90.92528 | DA17: 90.949333 | DB17: 91.054837 | DC17: 91.094824 | DD17: 91.103758 | DE17: 91.301546 | DF17: 91.382196 | DG17: 91.612759 | DH17: 91.946766 | DI17: 92.004806 | DJ17: 92.173191 | DK17: 92.316225 | DL17: 92.330639 | DM17: 92.352728 | DN17: 92.84606 | DO17: 92.944149 | DP17: 92.912545 | DQ17: 93.142425 | DR17: 93.20072 | DS17: 93.268726 | DT17: 93.281945 | DU17: 93.333451 | DV17: 93.599744 | DW17: 93.756105 | DX17: 93.780884 | DY17: 93.828356 | DZ17: 93.900872 | EA17: 94.104987 | EB17: 94.105287 | EC17: 94.479001 | ED17: 94.594167 | EE17: 95.888905 | EF17: 96.495838 | EG17: 96.498986 | EH17: 96.858588 | EI17: 98.07712 | EJ17: 99.577539 | EK17: 99.992435 | EL17: 100.77612 | EM17: 101.10413 | EN17: 102.50189 | EO17: 102.40131 | EP17: 102.66359 | EQ17: 103.05245 | ER17: 103.40548 | ES17: 103.88592 | ET17: 104.34844 | EU17: 104.74065 | EV17: 104.83178 | EW17: 105.02078 | EX17: 105.04085 | EY17: 105.30507 | EZ17: 105.49083 | FA17: 105.66255 | FB17: 105.76815 | FC17: 105.90999 | FD17: 106 | FE17: 106.3 | FF17: 106.4 | FG17: 106.5 | FH17: 106.6 | FI17: 106.9 | FJ17: 107.04363 | FK17: 107.12739 | FL17: 107.22542 | FM17: 107.40225 | FN17: 107.80446 | FO17: 108.15033 | FP17: 108.4 | FQ17: 108.7 | FR17: 108.8 | FS17: 108.93287 | FT17: 109.14247 | FU17: 109.35207 | FV17: 109.56167 | FW17: 109.77127 | FX17: 109.98087 | FY17: 110.19048 | FZ17: 110.40008 | GA17: 110.60968 | GB17: 110.81928 | GC17: 111.02888 | GD17: 111.23849 | GE17: 111.44809 | GF17: 111.65769 | GG17: 111.86729 | GH17: 112.07689 | GI17: 112.28649 | GJ17: 112.4961 | GK17: 112.7057 | GL17: 112.9153 | GM17: 113.1249 | GN17: 113.3345 | GO17: 113.54411 | GP17: 113.75371 | GQ17: 113.96331 | GR17: 114.17291 | GS17: 114.38251 | GT17: 114.59211 | GU17: 114.80172 | GV17: 115.01132 | GW17: 115.22092 | GX17: 115.43052 | GY17: 115.64012 | GZ17: 115.84973 | HA17: 116.05933 | HB17: 116.26893 | HC17: 116.47853 | HD17: 116.68813
A18: 12 | B18: Biens et services divers | C18: 5.24 | P18: 81.880001 | Q18: 82.168669 | R18: 82.198026 | S18: 82.38611 | T18: 82.749387 | U18: 82.71451 | V18: 82.945127 | W18: 82.908824 | X18: 82.939116 | Y18: 83.28719 | Z18: 83.550226 | AA18: 83.427383 | AB18: 83.415814 | AC18: 83.716134 | AD18: 83.57797 | AE18: 83.620862 | AF18: 83.853336 | AG18: 84.087603 | AH18: 83.877718 | AI18: 84.280063 | AJ18: 84.133979 | AK18: 83.843134 | AL18: 84.032068 | AM18: 84.712627 | AN18: 83.943162 | AO18: 84.179739 | AP18: 84.306514 | AQ18: 84.499402 | AR18: 84.60762 | AS18: 84.397328 | AT18: 84.555895 | AU18: 84.747113 | AV18: 85.016939 | AW18: 84.862192 | AX18: 85.090431 | AY18: 86.186466 | AZ18: 86.266113 | BA18: 86.048707 | BB18: 86.160264 | BC18: 86.230977 | BD18: 86.735175 | BE18: 87.1392 | BF18: 86.876573 | BG18: 86.986491 | BH18: 87.255875 | BI18: 87.797965 | BJ18: 87.727646 | BK18: 88.248148 | BL18: 87.983665 | BM18: 87.732881 | BN18: 87.826821 | BO18: 88.156128 | BP18: 88.063567 | BQ18: 88.319983 | BR18: 88.633821 | BS18: 88.772165 | BT18: 88.879451 | BU18: 89.109877 | BV18: 89.078533 | BW18: 89.354371 | BX18: 89.397966 | BY18: 89.195131 | BZ18: 89.65775 | CA18: 89.868567 | CB18: 89.979357 | CC18: 89.980894 | CD18: 90.486219 | CE18: 90.467766 | CF18: 90.772064 | CG18: 90.730372 | CH18: 90.606087 | CI18: 90.714732 | CJ18: 90.735813 | CK18: 90.653657 | CL18: 90.739666 | CM18: 90.87477 | CN18: 91.312445 | CO18: 91.218955 | CP18: 91.505903 | CQ18: 91.871303 | CR18: 92.143848 | CS18: 92.230519 | CT18: 92.276647 | CU18: 92.581946 | CV18: 92.829977 | CW18: 92.940303 | CX18: 93.330738 | CY18: 93.520623 | CZ18: 93.753419 | DA18: 93.886091 | DB18: 94.113736 | DC18: 94.271288 | DD18: 94.252644 | DE18: 94.307416 | DF18: 94.364584 | DG18: 94.596392 | DH18: 94.47432 | DI18: 94.594891 | DJ18: 94.545792 | DK18: 94.8119 | DL18: 94.823287 | DM18: 94.924761 | DN18: 95.185227 | DO18: 95.286264 | DP18: 95.604567 | DQ18: 95.650759 | DR18: 95.664047 | DS18: 95.728216 | DT18: 95.75083 | DU18: 95.790209 | DV18: 95.898118 | DW18: 95.904906 | DX18: 95.949866 | DY18: 95.920815 | DZ18: 96.203465 | EA18: 96.266414 | EB18: 96.307372 | EC18: 96.423408 | ED18: 96.477706 | EE18: 96.698412 | EF18: 97.066258 | EG18: 97.402051 | EH18: 98.015727 | EI18: 98.617305 | EJ18: 99.225278 | EK18: 99.436523 | EL18: 100.36257 | EM18: 101.08484 | EN18: 101.49048 | EO18: 102.15007 | EP18: 102.3085 | EQ18: 102.8404 | ER18: 103.58785 | ES18: 104.18585 | ET18: 104.32907 | EU18: 104.81159 | EV18: 105.12352 | EW18: 105.38623 | EX18: 105.51816 | EY18: 105.60171 | EZ18: 105.97904 | FA18: 106.19745 | FB18: 106.2695 | FC18: 106.49664 | FD18: 106.6 | FE18: 107 | FF18: 107.2 | FG18: 107.4 | FH18: 107.4 | FI18: 107.7 | FJ18: 107.86559 | FK18: 107.98173 | FL18: 108.13308 | FM18: 108.31231 | FN18: 108.55529 | FO18: 108.65381 | FP18: 108.7 | FQ18: 108.9 | FR18: 108.9 | FS18: 109.1875 | FT18: 109.33844 | FU18: 109.48938 | FV18: 109.64033 | FW18: 109.79127 | FX18: 109.94221 | FY18: 110.09315 | FZ18: 110.24409 | GA18: 110.39504 | GB18: 110.54598 | GC18: 110.69692 | GD18: 110.84786 | GE18: 110.9988 | GF18: 111.14974 | GG18: 111.30069 | GH18: 111.45163 | GI18: 111.60257 | GJ18: 111.75351 | GK18: 111.90445 | GL18: 112.0554 | GM18: 112.20634 | GN18: 112.35728 | GO18: 112.50822 | GP18: 112.65916 | GQ18: 112.8101 | GR18: 112.96105 | GS18: 113.11199 | GT18: 113.26293 | GU18: 113.41387 | GV18: 113.56481 | GW18: 113.71575 | GX18: 113.8667 | GY18: 114.01764 | GZ18: 114.16858 | HA18: 114.31952 | HB18: 114.47046 | HC18: 114.62141 | HD18: 114.77235
B19: Indice général national | C19: Base 100 : Année 2022 | D19: =100*D42/$C$42 -> 99.204443 | E19: =100*E42/$C$42 -> 99.204443 | F19: =100*F42/$C$42 -> 98.844191 | G19: =100*G42/$C$42 -> 98.709096 | H19: =100*H42/$C$42 -> 99.11438 | I19: =100*I42/$C$42 -> 99.609727 | J19: =100*J42/$C$42 -> 100.06004 | K19: =100*K42/$C$42 -> 100.42029 | ... O19: =100*O42/$C$42 -> 101.59111 | P19: 79.02388 | Q19: 78.967071 | R19: 79.278134 | S19: 79.525025 | T19: 79.851858 | U19: 79.904067 | V19: 80.180041 | W19: 80.547843 | X19: 80.510138 | Y19: 80.85214 | Z19: 80.768846 | AA19: 81.452588 | AB19: 81.19512 | AC19: 81.077027 | AD19: 81.162108 | AE19: 81.153181 | AF19: 81.266962 | AG19: 81.458269 | AH19: 81.498899 | AI19: 81.841483 | AJ19: 82.082839 | AK19: 82.477123 | AL19: 82.556405 | AM19: 82.793213 | AN19: 82.275096 | AO19: 82.213218 | AP19: 82.08658 | AQ19: 81.909924 | AR19: 82.272009 | AS19: 82.100423 | AT19: 83.899547 | AU19: 83.998071 | AV19: 84.229622 | AW19: 84.147886 | AX19: 84.655882 | AY19: 84.962813 | AZ19: 84.397648 | BA19: 84.677755 | BB19: 84.687104 | BC19: 85.081483 | BD19: 85.252411 | BE19: 85.608482 | BF19: 85.855471 | BG19: 85.774064 | BH19: 86.037535 | BI19: 86.045874 | BJ19: 85.892604 | BK19: 86.19158 | BL19: 85.835242 | BM19: 85.780414 | BN19: 85.907061 | BO19: 86.018741 | BP19: 86.417576 | BQ19: 86.181658 | BR19: 86.24288 | BS19: 86.53152 | BT19: 86.515148 | BU19: 86.299978 | BV19: 86.279467 | BW19: 86.44287 | BX19: 86.201599 | BY19: 86.183208 | BZ19: 86.28667 | CA19: 86.68794 | CB19: 86.705851 | CC19: 86.683983 | CD19: 86.762931 | CE19: 87.084192 | CF19: 87.21904 | CG19: 87.10471 | CH19: 87.058789 | CI19: 87.101634 | CJ19: 86.954187 | CK19: 86.902572 | CL19: 86.937498 | CM19: 87.261293 | CN19: 87.464469 | CO19: 87.45869 | CP19: 87.56772 | CQ19: 87.700189 | CR19: 88.044006 | CS19: 88.474543 | CT19: 88.569602 | CU19: 88.820711 | CV19: 88.597979 | CW19: 88.843473 | CX19: 89.224982 | CY19: 89.518913 | CZ19: 89.560384 | DA19: 89.692628 | DB19: 89.929133 | DC19: 90.079647 | DD19: 90.211224 | DE19: 90.556304 | DF19: 90.808405 | DG19: 90.976811 | DH19: 91.042806 | DI19: 91.145462 | DJ19: 91.457468 | DK19: 91.916346 | DL19: 91.674918 | DM19: 91.796142 | DN19: 92.222614 | DO19: 92.380637 | DP19: 92.357382 | DQ19: 92.783228 | DR19: 92.734656 | DS19: 92.904901 | DT19: 92.763558 | DU19: 92.854903 | DV19: 93.183827 | DW19: 93.460136 | DX19: 93.718144 | DY19: 93.99004 | DZ19: 94.528441 | EA19: 94.490946 | EB19: 94.57814 | EC19: 94.791183 | ED19: 94.921906 | EE19: 96.116756 | EF19: 96.557472 | EG19: 96.979088 | EH19: 97.539374 | EI19: 98.655089 | EJ19: 99.276879 | EK19: 99.640201 | EL19: 100.33736 | EM19: 101.17588 | EN19: 101.81728 | EO19: 102.15679 | EP19: 102.71654 | EQ19: 103.14805 | ER19: 103.45322 | ES19: 104.95562 | ET19: 105.84497 | EU19: 106.55824 | EV19: 107.01192 | EW19: 107.65036 | EX19: 108.08785 | EY19: 108.67432 | EZ19: 108.87247 | FA19: 109.05942 | FB19: 109.06417 | FC19: 109.12723 | FD19: 108.8 | FE19: 110.2 | FF19: 110.9 | FG19: 111.5 | FH19: 111.8 | FI19: 112.2 | FJ19: 112.32466 | FK19: 112.79122 | FL19: 113.64635 | FM19: 113.9311 | FN19: 113.99542 | FO19: 114.70828 | FP19: 114.5 | FQ19: 114.6 | FR19: 115 | FS19: =SUMPRODUCT($C5:$C18,FS5:FS18)/100 -> 115.40704 | FT19: =SUMPRODUCT($C5:$C18,FT5:FT18)/100 -> 115.75438 | FU19: =SUMPRODUCT($C5:$C18,FU5:FU18)/100 -> 116.10172 | FV19: =SUMPRODUCT($C5:$C18,FV5:FV18)/100 -> 116.44906 | FW19: =SUMPRODUCT($C5:$C18,FW5:FW18)/100 -> 116.7964 | FX19: =SUMPRODUCT($C5:$C18,FX5:FX18)/100 -> 117.14374 | FY19: =SUMPRODUCT($C5:$C18,FY5:FY18)/100 -> 117.49108 | FZ19: =SUMPRODUCT($C5:$C18,FZ5:FZ18)/100 -> 117.83842 | ... II19: =SUMPRODUCT($C5:$C18,II5:II18)/100 -> 0
B21: Biens locaux | P21: 77.889298 | Q21: 77.752585 | R21: 78.036684 | S21: 78.416978 | T21: 78.800385 | U21: 78.739128 | V21: 79.294175 | W21: 79.858081 | X21: 79.901335 | Y21: 80.151294 | Z21: 80.103809 | AA21: 80.647366 | AB21: 80.464237 | AC21: 80.20582 | AD21: 80.187795 | AE21: 80.048009 | AF21: 80.230084 | AG21: 80.456226 | AH21: 80.566371 | AI21: 81.015328 | AJ21: 81.304754 | AK21: 81.762891 | AL21: 81.785735 | AM21: 81.837328 | AN21: 81.391288 | AO21: 81.339451 | AP21: 81.187215 | AQ21: 80.91203 | AR21: 81.373597 | AS21: 81.139098 | AT21: 83.075764 | AU21: 83.316269 | AV21: 83.620454 | AW21: 83.657625 | AX21: 84.188202 | AY21: 84.579983 | AZ21: 83.793598 | BA21: 84.10056 | BB21: 84.073775 | BC21: 84.498437 | BD21: 84.77679 | BE21: 85.164736 | BF21: 85.675226 | BG21: 85.554257 | BH21: 86.082914 | BI21: 86.110136 | BJ21: 85.939246 | BK21: 86.260315 | BL21: 85.808017 | BM21: 85.744234 | BN21: 85.763689 | BO21: 85.942993 | BP21: 86.656847 | BQ21: 86.285987 | BR21: 86.278909 | BS21: 86.820939 | BT21: 86.701115 | BU21: 86.5281 | BV21: 86.287602 | BW21: 86.414184 | BX21: 86.184432 | BY21: 86.235615 | BZ21: 86.377289 | CA21: 86.726659 | CB21: 86.6696 | CC21: 86.635225 | CD21: 86.722505 | CE21: 87.219884 | CF21: 87.490693 | CG21: 87.149243 | CH21: 87.003865 | CI21: 86.949875 | CJ21: 86.704819 | CK21: 86.643131 | CL21: 86.648485 | CM21: 86.848834 | CN21: 86.940755 | CO21: 86.883453 | CP21: 87.124629 | CQ21: 87.331719 | CR21: 87.811931 | CS21: 88.435017 | CT21: 88.393256 | CU21: 88.654632 | CV21: 88.385887 | CW21: 88.604908 | CX21: 88.965247 | CY21: 89.300759 | CZ21: 89.233063 | DA21: 89.274716 | DB21: 89.658984 | DC21: 89.842124 | DD21: 89.999872 | DE21: 90.387936 | DF21: 90.716532 | DG21: 90.864271 | DH21: 90.902287 | DI21: 91.061449 | DJ21: 91.464799 | DK21: 91.950745 | DL21: 91.528586 | DM21: 91.53953 | DN21: 92.127823 | DO21: 92.343029 | DP21: 92.313444 | DQ21: 92.8104 | DR21: 92.696015 | DS21: 92.865463 | DT21: 92.688447 | DU21: 92.764266 | DV21: 93.050718 | DW21: 93.400044 | DX21: 93.697892 | DY21: 93.970381 | DZ21: 94.651869 | EA21: 94.515212 | EB21: 94.572425 | EC21: 94.529128 | ED21: 94.519833 | EE21: 95.89753 | EF21: 96.416192 | EG21: 96.766365 | EH21: 97.342175 | EI21: 98.538549 | EJ21: 99.131431 | EK21: 99.451638 | EL21: 100.45611 | EM21: 101.28476 | EN21: 101.99009 | EO21: 102.30357 | EP21: 102.9917 | EQ21: 103.32741 | ER21: 103.9 | ES21: 105.4 | ET21: 106.5 | EU21: 107.3 | EV21: 107.8 | EW21: 108.5 | EX21: 108.9 | EY21: 109.6 | EZ21: 109.8 | FA21: 110 | FB21: 110 | FC21: 110.1 | FD21: 109.5 | FE21: 110.9 | FF21: 111.6 | FG21: 112.3 | FH21: 112.7 | FI21: 113.3 | FJ21: 113.3 | FK21: 113.9 | FL21: 114.7 | FM21: 115 | FN21: 115 | FO21: 115.9 | FP21: 115.6 | FQ21: 115.8 | FR21: 116.2
B22: Biens importés | P22: 82.675593 | Q22: 82.938721 | R22: 83.347076 | S22: 83.36653 | T22: 83.502698 | U22: 83.653523 | V22: 83.492754 | W22: 83.599757 | X22: 83.470678 | Y22: 83.531224 | Z22: 83.326144 | AA22: 84.738134 | AB22: 84.568791 | AC22: 84.709369 | AD22: 84.79651 | AE22: 85.022391 | AF22: 84.942453 | AG22: 84.799869 | AH22: 84.844856 | AI22: 84.880457 | AJ22: 84.981224 | AK22: 85.204252 | AL22: 85.134711 | AM22: 85.600363 | AN22: 85.450014 | AO22: 85.525703 | AP22: 85.374259 | AQ22: 85.402125 | AR22: 85.573689 | AS22: 85.599865 | AT22: 86.758555 | AU22: 86.70789 | AV22: 86.610645 | AW22: 86.312861 | AX22: 86.530821 | AY22: 86.733324 | AZ22: 86.445746 | BA22: 86.591507 | BB22: 86.549929 | BC22: 86.734469 | BD22: 86.96084 | BE22: 87.036579 | BF22: 86.724311 | BG22: 86.823628 | BH22: 86.755858 | BI22: 86.803873 | BJ22: 86.989726 | BK22: 86.867017 | BL22: 86.438505 | BM22: 86.354186 | BN22: 86.552482 | BO22: 86.207066 | BP22: 86.270881 | BQ22: 86.288607 | BR22: 86.391428 | BS22: 86.007372 | BT22: 85.933095 | BU22: 85.987468 | BV22: 86.0228 | BW22: 86.594965 | BX22: 86.158187 | BY22: 86.204363 | BZ22: 86.053541 | CA22: 86.364632 | CB22: 86.353395 | CC22: 86.531533 | CD22: 86.621804 | CE22: 86.943959 | CF22: 86.839486 | CG22: 87.114469 | CH22: 86.95817 | CI22: 87.232569 | CJ22: 87.406283 | CK22: 87.370889 | CL22: 87.495297 | CM22: 87.878426 | CN22: 88.238547 | CO22: 88.328256 | CP22: 88.506259 | CQ22: 88.645273 | CR22: 88.924012 | CS22: 88.982304 | CT22: 89.126542 | CU22: 89.315936 | CV22: 89.462907 | CW22: 89.614672 | CX22: 90.098877 | CY22: 90.210431 | CZ22: 90.258234 | DA22: 90.31024 | DB22: 90.146284 | DC22: 90.295891 | DD22: 90.37514 | DE22: 90.664671 | DF22: 90.815143 | DG22: 91.083201 | DH22: 91.070585 | DI22: 91.212598 | DJ22: 91.405903 | DK22: 92.115687 | DL22: 92.160773 | DM22: 92.597958 | DN22: 92.465324 | DO22: 92.640699 | DP22: 92.904298 | DQ22: 93.236763 | DR22: 93.370283 | DS22: 93.727756 | DT22: 93.995024 | DU22: 94.170615 | DV22: 94.785765 | DW22: 94.96086 | DX22: 94.964913 | DY22: 95.112223 | DZ22: 95.312265 | EA22: 95.33626 | EB22: 95.477516 | EC22: 95.595663 | ED22: 96.160655 | EE22: 96.788694 | EF22: 96.994877 | EG22: 97.62964 | EH22: 98.15626 | EI22: 99.021636 | EJ22: 99.733317 | EK22: 100.22402 | EL22: 99.964722 | EM22: 100.82567 | EN22: 101.28036 | EO22: 101.70027 | EP22: 101.87209 | EQ22: 102.59714 | ER22: 102.6 | ES22: 104.2 | ET22: 104.5 | EU22: 105.1 | EV22: 105.5 | EW22: 106 | EX22: 106.1 | EY22: 106.3 | EZ22: 106.5 | FA22: 106.6 | FB22: 106.7 | FC22: 106.9 | FD22: 106.9 | FE22: 108.4 | FF22: 108.8 | FG22: 109.4 | FH22: 109.6 | FI22: 109.6 | FJ22: 109.9 | FK22: 110 | FL22: 110.9 | FM22: 111.1 | FN22: 111.4 | FO22: 111.7 | FP22: 111.6 | FQ22: 111.7 | FR22: 111.8
B24: Energie | P24: 94.520934 | Q24: 94.392554 | R24: 94.313265 | S24: 94.306282 | T24: 94.307678 | U24: 96.918273 | V24: 96.586735 | W24: 96.253436 | X24: 96.514551 | Y24: 97.649803 | Z24: 97.331258 | AA24: 97.59029 | AB24: 97.436999 | AC24: 97.140563 | AD24: 97.541917 | AE24: 97.735863 | AF24: 97.666132 | AG24: 97.892897 | AH24: 97.412025 | AI24: 97.426465 | AJ24: 97.759079 | AK24: 97.137685 | AL24: 97.122195 | AM24: 97.098255 | AN24: 97.298877 | AO24: 97.09435 | AP24: 97.135942 | AQ24: 97.008564 | AR24: 97.074901 | AS24: 97.29079 | AT24: 102.33267 | AU24: 102.21024 | AV24: 102.23495 | AW24: 102.33409 | AX24: 102.45616 | AY24: 102.26926 | AZ24: 102.32377 | BA24: 102.2647 | BB24: 102.28857 | BC24: 102.38957 | BD24: 102.14684 | BE24: 102.37643 | BF24: 102.22046 | BG24: 102.30546 | BH24: 102.29435 | BI24: 102.40162 | BJ24: 102.62229 | BK24: 102.39011 | BL24: 101.41522 | BM24: 101.5199 | BN24: 101.36389 | BO24: 101.37779 | BP24: 101.31094 | BQ24: 101.2968 | BR24: 101.38662 | BS24: 101.27635 | BT24: 101.44125 | BU24: 101.43696 | BV24: 101.41083 | BW24: 101.64629 | BX24: 101.60594 | BY24: 101.57362 | BZ24: 101.43263 | CA24: 101.47113 | CB24: 101.43987 | CC24: 101.56262 | CD24: 101.58577 | CE24: 101.57639 | CF24: 101.58254 | CG24: 101.55208 | CH24: 101.57511 | CI24: 101.57496 | CJ24: 101.59885 | CK24: 101.55171 | CL24: 101.54621 | CM24: 101.72994 | CN24: 101.79787 | CO24: 101.79837 | CP24: 101.82114 | CQ24: 101.82692 | CR24: 101.82852 | CS24: 101.91431 | CT24: 101.91647 | CU24: 101.91776 | CV24: 101.93859 | CW24: 100.28098 | CX24: 100.26108 | CY24: 98.804314 | CZ24: 98.757633 | DA24: 98.74303 | DB24: 98.754395 | DC24: 98.751762 | DD24: 98.766204 | DE24: 98.766155 | DF24: 98.750251 | DG24: 98.792964 | DH24: 98.792997 | DI24: 98.828541 | DJ24: 98.822496 | DK24: 99.041834 | DL24: 99.273073 | DM24: 99.312833 | DN24: 99.400224 | DO24: 99.410268 | DP24: 99.409898 | DQ24: 99.457264 | DR24: 99.404618 | DS24: 99.399094 | DT24: 99.408346 | DU24: 99.40998 | DV24: 99.406011 | DW24: 99.407088 | DX24: 99.392586 | DY24: 99.393077 | DZ24: 99.423531 | EA24: 99.440415 | EB24: 99.440415 | EC24: 99.442708 | ED24: 99.443247 | EE24: 99.484664 | EF24: 99.554507 | EG24: 99.554821 | EH24: 99.633488 | EI24: 99.677414 | EJ24: 99.741896 | EK24: 99.762639 | EL24: 99.752356 | EM24: 99.781428 | EN24: 99.778131 | EO24: 100.85052 | EP24: 100.91738 | EQ24: 100.99542 | ER24: 102 | ES24: 106.8 | ET24: 107.2 | EU24: 107.5 | EV24: 107.9 | EW24: 109.6 | EX24: 110.3 | EY24: 109.7 | EZ24: 109.6 | FA24: 109.7 | FB24: 110.5 | FC24: 110.3 | FD24: 109.8 | FE24: 114.8 | FF24: 114.7 | FG24: 116 | FH24: 117.5 | FI24: 117.7 | FJ24: 117.6 | FK24: 117.1 | FL24: 118.2 | FM24: 118.9 | FN24: 119.2 | FO24: 119.9 | FP24: 119.8 | FQ24: 119.6 | FR24: 120
B25: Produits pétroliers | P25: 91.043947 | Q25: 90.860737 | R25: 90.746867 | S25: 90.752564 | T25: 90.759065 | U25: 90.750446 | V25: 90.480809 | W25: 90.51197 | X25: 90.896024 | Y25: 91.180876 | Z25: 90.714037 | AA25: 91.087155 | AB25: 91.126576 | AC25: 90.710321 | AD25: 91.293508 | AE25: 91.41315 | AF25: 91.312663 | AG25: 91.233692 | AH25: 91.106324 | AI25: 91.090633 | AJ25: 91.604672 | AK25: 91.156627 | AL25: 91.122959 | AM25: 91.077114 | AN25: 91.400263 | AO25: 91.105524 | AP25: 91.247788 | AQ25: 90.9834 | AR25: 91.078998 | AS25: 91.390109 | AT25: 98.850185 | AU25: 98.676641 | AV25: 98.722111 | AW25: 98.921769 | AX25: 99.100866 | AY25: 98.840388 | AZ25: 98.909604 | BA25: 98.827316 | BB25: 98.858287 | BC25: 99.018562 | BD25: 98.700873 | BE25: 98.988593 | BF25: 98.8479 | BG25: 98.908488 | BH25: 98.871938 | BI25: 99.021 | BJ25: 99.346485 | BK25: 99.015575 | BL25: 97.512582 | BM25: 97.661841 | BN25: 97.439129 | BO25: 97.438297 | BP25: 97.349656 | BQ25: 97.327807 | BR25: 97.45967 | BS25: 97.310092 | BT25: 97.547639 | BU25: 97.541752 | BV25: 97.504068 | BW25: 97.840867 | BX25: 97.783106 | BY25: 97.738634 | BZ25: 97.543536 | CA25: 97.59902 | CB25: 97.554171 | CC25: 97.730858 | CD25: 97.764218 | CE25: 97.757627 | CF25: 97.765965 | CG25: 97.848903 | CH25: 97.880142 | CI25: 97.879919 | CJ25: 97.917301 | CK25: 97.848434 | CL25: 97.838414 | CM25: 98.079773 | CN25: 98.179709 | CO25: 98.18225 | CP25: 98.21354 | CQ25: 98.222071 | CR25: 98.224315 | CS25: 98.350112 | CT25: 98.351174 | CU25: 98.353038 | CV25: 98.333546 | CW25: 98.338672 | CX25: 98.332672 | CY25: 98.340487 | CZ25: 98.323267 | DA25: 98.309653 | DB25: 98.326127 | DC25: 98.322333 | DD25: 98.343161 | DE25: 98.337573 | DF25: 98.312514 | DG25: 98.365275 | DH25: 98.361616 | DI25: 98.412763 | DJ25: 98.404052 | DK25: 98.693456 | DL25: 99.067998 | DM25: 99.123399 | DN25: 99.190685 | DO25: 99.185183 | DP25: 99.184872 | DQ25: 99.25314 | DR25: 99.177192 | DS25: 99.16901 | DT25: 99.182301 | DU25: 99.184655 | DV25: 99.179074 | DW25: 99.180557 | DX25: 99.159659 | DY25: 99.161809 | DZ25: 99.204747 | EA25: 99.229529 | EB25: 99.229529 | EC25: 99.232744 | ED25: 99.233159 | EE25: 99.29353 | EF25: 99.394831 | EG25: 99.39537 | EH25: 99.508606 | EI25: 99.58175 | EJ25: 99.6811 | EK25: 99.695651 | EL25: 99.690015 | EM25: 99.713146 | EN25: 99.714773 | EO25: 101.16152 | EP25: 101.1676 | EQ25: 101.29565
B26: Produits frais | P26: 67.080345 | Q26: 66.89605 | R26: 67.17809 | S26: 68.049542 | T26: 68.919545 | U26: 68.807313 | V26: 69.214996 | W26: 69.55137 | X26: 69.603287 | Y26: 69.839148 | Z26: 69.262515 | AA26: 70.789667 | AB26: 70.173675 | AC26: 69.865126 | AD26: 70.104358 | AE26: 70.083588 | AF26: 70.676123 | AG26: 71.0241 | AH26: 71.173282 | AI26: 72.227125 | AJ26: 72.679406 | AK26: 73.92414 | AL26: 73.725188 | AM26: 73.537122 | AN26: 72.033131 | AO26: 72.202072 | AP26: 71.853959 | AQ26: 71.860489 | AR26: 72.867203 | AS26: 72.213072 | AT26: 73.364756 | AU26: 73.508234 | AV26: 73.623551 | AW26: 74.323201 | AX26: 75.152081 | AY26: 75.200397 | AZ26: 73.535261 | BA26: 73.80282 | BB26: 73.535049 | BC26: 74.677712 | BD26: 75.35689 | BE26: 75.68457 | BF26: 77.173497 | BG26: 76.438376 | BH26: 77.130185 | BI26: 77.699959 | BJ26: 76.985847 | BK26: 77.084746 | BL26: 76.197615 | BM26: 76.746865 | BN26: 76.893418 | BO26: 77.813657 | BP26: 79.307704 | BQ26: 78.459529 | BR26: 78.644475 | BS26: 78.502154 | BT26: 78.241756 | BU26: 76.993556 | BV26: 76.920849 | BW26: 76.002983 | BX26: 75.301826 | BY26: 75.818498 | BZ26: 76.229765 | CA26: 78.418143 | CB26: 78.08537 | CC26: 77.672784 | CD26: 78.19661 | CE26: 78.760639 | CF26: 79.256443 | CG26: 78.43477 | CH26: 78.229311 | CI26: 78.310656 | CJ26: 77.83547 | CK26: 77.771212 | CL26: 77.902285 | CM26: 78.503181 | CN26: 78.775582 | CO26: 78.23949 | CP26: 77.981002 | CQ26: 78.048453 | CR26: 79.069192 | CS26: 80.640128 | CT26: 81.053767 | CU26: 81.377784 | CV26: 80.084733 | CW26: 80.945886 | CX26: 81.633087 | CY26: 82.461161 | CZ26: 82.251293 | DA26: 82.846261 | DB26: 83.230246 | DC26: 83.093673 | DD26: 83.543968 | DE26: 83.373035 | DF26: 83.711947 | DG26: 83.869451 | DH26: 84.310738 | DI26: 84.299256 | DJ26: 85.007457 | DK26: 85.062803 | DL26: 85.447519 | DM26: 86.481284 | DN26: 88.422851 | DO26: 88.144171 | DP26: 88.212124 | DQ26: 88.816647 | DR26: 88.186455 | DS26: 88.118097 | DT26: 86.960906 | DU26: 87.260901 | DV26: 88.095091 | DW26: 89.09922 | DX26: 90.078776 | DY26: 91.012908 | DZ26: 92.872694 | EA26: 92.579452 | EB26: 92.60006 | EC26: 91.918731 | ED26: 92.205899 | EE26: 94.714361 | EF26: 95.303253 | EG26: 96.433665 | EH26: 96.621897 | EI26: 98.188395 | EJ26: 98.124911 | EK26: 98.647843 | EL26: 99.641871 | EM26: 101.94215 | EN26: 102.76485 | EO26: 102.65218 | EP26: 104.43523 | EQ26: 105.24375 | ER26: 107.8 | ES26: 108.2 | ET26: 108.7 | EU26: 111.3 | EV26: 114 | EW26: 115.7 | EX26: 116.5 | EY26: 119.3 | EZ26: 119 | FA26: 120.5 | FB26: 120.3 | FC26: 120.3 | FD26: 117.8 | FE26: 119.3 | FF26: 118.2 | FG26: 120.8 | FH26: 121.8 | FI26: 123.9 | FJ26: 126.2 | FK26: 128.7 | FL26: 132.5 | FM26: 133 | FN26: 132.3 | FO26: 134.5 | FP26: 132.8 | FQ26: 133 | FR26: 134.3
B27: Hors produits frais et énergie | P27: 81.26923 | Q27: 81.247145 | R27: 81.594806 | S27: 81.686518 | T27: 81.885528 | U27: 81.825648 | V27: 82.108697 | W27: 82.519571 | X27: 82.445272 | Y27: 82.767672 | Z27: 82.82794 | AA27: 83.310618 | AB27: 83.142583 | AC27: 83.086823 | AD27: 83.113008 | AE27: 83.094745 | AF27: 83.089903 | AG27: 83.237101 | AH27: 83.277544 | AI27: 83.447941 | AJ27: 83.629198 | AK27: 83.854036 | AL27: 84.014922 | AM27: 84.381238 | AN27: 84.08704 | AO27: 83.973878 | AP27: 83.895565 | AQ27: 83.66651 | AR27: 83.873096 | AS27: 83.809108 | AT27: 85.578982 | AU27: 85.68271 | AV27: 85.957671 | AW27: 85.658369 | AX27: 86.105957 | AY27: 86.51297 | AZ27: 86.206632 | BA27: 86.512983 | BB27: 86.592856 | BC27: 86.804892 | BD27: 86.868632 | BE27: 87.242604 | BF27: 87.180742 | BG27: 87.262727 | BH27: 87.429521 | BI27: 87.282867 | BJ27: 87.254963 | BK27: 87.641841 | BL27: 87.464934 | BM27: 87.241352 | BN27: 87.374535 | BO27: 87.272426 | BP27: 87.408334 | BQ27: 87.322762 | BR27: 87.352481 | BS27: 87.780501 | BT27: 87.819994 | BU27: 87.867681 | BV27: 87.860711 | BW27: 88.31179 | BX27: 88.177143 | BY27: 88.015287 | BZ27: 88.048613 | CA27: 87.991586 | CB27: 88.106308 | CC27: 88.181204 | CD27: 88.146374 | CE27: 88.423265 | CF27: 88.475408 | CG27: 88.544504 | CH27: 88.535378 | CI27: 88.569672 | CJ27: 88.501628 | CK27: 88.452245 | CL27: 88.468927 | CM27: 88.720285 | CN27: 88.911821 | CO27: 89.04719 | CP27: 89.26291 | CQ27: 89.426878 | CR27: 89.610246 | CS27: 89.752274 | CT27: 89.762077 | CU27: 90.003936 | CV27: 90.055514 | CW27: 90.250129 | CX27: 90.577965 | CY27: 90.834524 | CZ27: 90.944057 | DA27: 90.961676 | DB27: 91.17546 | DC27: 91.408118 | DD27: 91.460822 | DE27: 91.964043 | DF27: 92.210589 | DG27: 92.38755 | DH27: 92.356054 | DI27: 92.496876 | DJ27: 92.728916 | DK27: 93.304105 | DL27: 92.864673 | DM27: 92.75343 | DN27: 92.79575 | DO27: 93.078904 | DP27: 93.027949 | DQ27: 93.429578 | DR27: 93.533755 | DS27: 93.781394 | DT27: 93.903185 | DU27: 93.94389 | DV27: 94.159681 | DW27: 94.253588 | DX27: 94.334086 | DY27: 94.442754 | DZ27: 94.670522 | EA27: 94.694253 | EB27: 94.806442 | EC27: 95.272843 | ED27: 95.368879 | EE27: 96.278198 | EF27: 96.70287 | EG27: 96.963984 | EH27: 97.656127 | EI27: 98.720841 | EJ27: 99.560921 | EK27: 99.899815 | EL27: 100.56297 | EM27: 101.06416 | EN27: 101.69349 | EO27: 102.10242 | EP27: 102.35955 | EQ27: 102.71286 | ER27: 103 | ES27: 104.3 | ET27: 105.3 | EU27: 105.8 | EV27: 105.8 | EW27: 106.3 | EX27: 106.4 | EY27: 106.7 | EZ27: 107 | FA27: 107 | FB27: 107 | FC27: 107.1 | FD27: 107.1 | FE27: 108.2 | FF27: 108.7 | FG27: 108.9 | FH27: 109.1 | FI27: 109.2 | FJ27: 109.3 | FK27: 109.5 | FL27: 109.9 | FM27: 110.1 | FN27: 110.3 | FO27: 110.7 | FP27: 110.8 | FQ27: 110.9 | FR27: 111
B29: Primaire | P29: 69.04984 | Q29: 68.995894 | R29: 69.659025 | S29: 70.374017 | T29: 70.836519 | U29: 70.814159 | V29: 71.125548 | W29: 71.930761 | X29: 71.876644 | Y29: 72.269132 | Z29: 71.856003 | AA29: 73.37801 | AB29: 72.764812 | AC29: 72.102774 | AD29: 72.528886 | AE29: 71.945905 | AF29: 72.322827 | AG29: 72.790375 | AH29: 73.005759 | AI29: 73.551699 | AJ29: 74.236135 | AK29: 75.106271 | AL29: 75.116529 | AM29: 75.091306 | AN29: 74.076616 | AO29: 74.095432 | AP29: 73.841313 | AQ29: 73.422331 | AR29: 73.942171 | AS29: 73.262953 | AT29: 74.561358 | AU29: 74.638766 | AV29: 75.097418 | AW29: 75.002627 | AX29: 76.276604 | AY29: 76.813839 | AZ29: 75.357264 | BA29: 75.827576 | BB29: 75.234134 | BC29: 76.410271 | BD29: 76.682487 | BE29: 77.236472 | BF29: 78.042886 | BG29: 77.459773 | BH29: 77.994573 | BI29: 78.161103 | BJ29: 77.675576 | BK29: 78.444452 | BL29: 77.343494 | BM29: 77.340518 | BN29: 77.61185 | BO29: 78.028144 | BP29: 79.380688 | BQ29: 78.47317 | BR29: 78.722337 | BS29: 79.233297 | BT29: 78.984088 | BU29: 78.254363 | BV29: 78.232741 | BW29: 78.024215 | BX29: 77.022656 | BY29: 77.203377 | BZ29: 77.358352 | CA29: 78.608033 | CB29: 78.746883 | CC29: 78.511092 | CD29: 78.753409 | CE29: 79.494149 | CF29: 79.948453 | CG29: 79.606461 | CH29: 79.41247 | CI29: 79.237464 | CJ29: 78.832295 | CK29: 78.380756 | CL29: 78.266831 | CM29: 78.551423 | CN29: 78.830114 | CO29: 78.446755 | CP29: 78.149008 | CQ29: 78.277436 | CR29: 79.292234 | CS29: 80.152487 | CT29: 80.225506 | CU29: 80.360513 | CV29: 79.573998 | CW29: 80.313761 | CX29: 80.834875 | CY29: 81.416724 | CZ29: 81.292787 | DA29: 81.554074 | DB29: 82.242174 | DC29: 82.443945 | DD29: 82.732638 | DE29: 83.388536 | DF29: 84.078153 | DG29: 84.078544 | DH29: 84.362233 | DI29: 84.497844 | DJ29: 85.236834 | DK29: 84.803916 | DL29: 85.169554 | DM29: 85.387918 | DN29: 86.661251 | DO29: 86.970942 | DP29: 86.568065 | DQ29: 87.658811 | DR29: 87.229068 | DS29: 87.574982 | DT29: 86.990716 | DU29: 87.11887 | DV29: 87.788329 | DW29: 88.633989 | DX29: 89.346999 | DY29: 90.09796 | DZ29: 91.486209 | EA29: 91.012198 | EB29: 91.249815 | EC29: 91.467174 | ED29: 91.583613 | EE29: 94.239814 | EF29: 94.904796 | EG29: 95.576486 | EH29: 96.042788 | EI29: 97.965614 | EJ29: 98.643996 | EK29: 98.752251 | EL29: 100.32254 | EM29: 101.81727 | EN29: 102.84556 | EO29: 103.27025 | EP29: 104.57096 | EQ29: 105.28748
B30: Secondaire | P30: 85.462765 | Q30: 85.532531 | R30: 85.717089 | S30: 85.562373 | T30: 85.753778 | U30: 85.59058 | V30: 85.699743 | W30: 85.661732 | X30: 85.682692 | Y30: 86.071304 | Z30: 85.946299 | AA30: 86.409759 | AB30: 86.461495 | AC30: 86.596268 | AD30: 86.439781 | AE30: 86.751401 | AF30: 86.695834 | AG30: 86.66935 | AH30: 86.726192 | AI30: 86.859938 | AJ30: 86.818831 | AK30: 86.989293 | AL30: 87.272603 | AM30: 87.692356 | AN30: 87.112368 | AO30: 87.064384 | AP30: 87.046836 | AQ30: 86.874437 | AR30: 87.145198 | AS30: 87.107004 | AT30: 87.970155 | AU30: 88.026287 | AV30: 88.008625 | AW30: 88.016363 | AX30: 88.081313 | AY30: 88.352236 | AZ30: 88.10293 | BA30: 88.223478 | BB30: 88.367248 | BC30: 88.297432 | BD30: 88.447552 | BE30: 88.640632 | BF30: 88.671492 | BG30: 88.739279 | BH30: 88.759247 | BI30: 88.791344 | BJ30: 88.762555 | BK30: 88.881487 | BL30: 88.626716 | BM30: 88.50302 | BN30: 88.603887 | BO30: 88.486421 | BP30: 88.381619 | BQ30: 88.366562 | BR30: 88.470614 | BS30: 88.551207 | BT30: 88.79786 | BU30: 88.83198 | BV30: 88.701984 | BW30: 89.203742 | BX30: 89.060605 | BY30: 88.873623 | BZ30: 88.945301 | CA30: 88.71558 | CB30: 88.747153 | CC30: 88.860047 | CD30: 88.880073 | CE30: 89.01589 | CF30: 89.124262 | CG30: 89.185451 | CH30: 89.228149 | CI30: 89.383712 | CJ30: 89.302779 | CK30: 89.483597 | CL30: 89.736467 | CM30: 90.158384 | CN30: 90.346787 | CO30: 90.364411 | CP30: 90.539189 | CQ30: 90.633946 | CR30: 90.704179 | CS30: 90.936253 | CT30: 90.953504 | CU30: 91.11369 | CV30: 91.009136 | CW30: 91.216847 | CX30: 91.3739 | CY30: 91.540642 | CZ30: 91.636508 | DA30: 91.686438 | DB30: 91.737109 | DC30: 91.862603 | DD30: 91.954878 | DE30: 92.239275 | DF30: 92.37806 | DG30: 92.609621 | DH30: 92.531902 | DI30: 92.617405 | DJ30: 92.642784 | DK30: 92.834687 | DL30: 93.045918 | DM30: 93.242504 | DN30: 93.23601 | DO30: 93.356287 | DP30: 93.545633 | DQ30: 93.621865 | DR30: 93.741551 | DS30: 93.911866 | DT30: 93.982319 | DU30: 94.093696 | DV30: 94.352907 | DW30: 94.279471 | DX30: 94.347728 | DY30: 94.421951 | DZ30: 94.665347 | EA30: 94.804668 | EB30: 94.850656 | EC30: 95.132404 | ED30: 95.261225 | EE30: 95.854539 | EF30: 96.23371 | EG30: 96.869867 | EH30: 97.625378 | EI30: 98.787395 | EJ30: 99.52329 | EK30: 100.1221 | EL30: 100.50258 | EM30: 101.21346 | EN30: 101.65681 | EO30: 102.06808 | EP30: 102.45935 | EQ30: 102.93797
B31: Tertiaire | P31: 82.151632 | Q31: 81.918771 | R31: 82.018848 | S31: 82.232105 | T31: 82.505487 | U31: 82.797564 | V31: 83.100483 | W31: 83.381812 | X31: 83.381221 | Y31: 83.606569 | Z31: 83.834708 | AA31: 83.965342 | AB31: 83.719127 | AC31: 83.888131 | AD31: 83.894184 | AE31: 84.088839 | AF31: 84.108517 | AG31: 84.241562 | AH31: 84.094706 | AI31: 84.444205 | AJ31: 84.622944 | AK31: 84.741508 | AL31: 84.682376 | AM31: 84.990578 | AN31: 85.021537 | AO31: 84.904989 | AP31: 84.786392 | AQ31: 84.787622 | AR31: 85.082973 | AS31: 85.257946 | AT31: 88.446344 | AU31: 88.635232 | AV31: 88.995092 | AW31: 88.876857 | AX31: 89.134385 | AY31: 89.297158 | AZ31: 89.136649 | BA31: 89.520534 | BB31: 89.82358 | BC31: 89.986915 | BD31: 90.133864 | BE31: 90.522491 | BF31: 90.382967 | BG31: 90.661817 | BH31: 90.916212 | BI31: 90.722384 | BJ31: 90.787921 | BK31: 90.825043 | BL31: 90.952578 | BM31: 90.97056 | BN31: 90.89518 | BO31: 90.96401 | BP31: 90.998749 | BQ31: 91.167388 | BR31: 91.03502 | BS31: 91.318242 | BT31: 91.243498 | BU31: 91.261842 | BV31: 91.391159 | BW31: 91.502806 | BX31: 91.697146 | BY31: 91.713642 | BZ31: 91.831538 | CA31: 91.993241 | CB31: 91.863564 | CC31: 91.916951 | CD31: 91.926673 | CE31: 92.05336 | CF31: 92.000228 | CG31: 91.929713 | CH31: 91.922646 | CI31: 92.053805 | CJ31: 92.093911 | CK31: 92.171018 | CL31: 92.170389 | CM31: 92.411917 | CN31: 92.520319 | CO31: 92.85625 | CP31: 93.231324 | CQ31: 93.426671 | CR31: 93.524724 | CS31: 93.660081 | CT31: 93.80039 | CU31: 94.176283 | CV31: 94.341599 | CW31: 94.190433 | CX31: 94.665397 | CY31: 94.790426 | CZ31: 94.866293 | DA31: 94.919697 | DB31: 94.981614 | DC31: 95.10593 | DD31: 95.11155 | DE31: 95.214521 | DF31: 95.261891 | DG31: 95.524224 | DH31: 95.528264 | DI31: 95.661234 | DJ31: 95.953518 | DK31: 97.290828 | DL31: 96.094878 | DM31: 96.097221 | DN31: 96.187415 | DO31: 96.254018 | DP31: 96.352643 | DQ31: 96.527597 | DR31: 96.6061 | DS31: 96.645869 | DT31: 96.694873 | DU31: 96.738354 | DV31: 96.846183 | DW31: 96.908348 | DX31: 96.915043 | DY31: 96.937219 | DZ31: 97.11027 | EA31: 97.258306 | EB31: 97.266661 | EC31: 97.450797 | ED31: 97.578928 | EE31: 98.022512 | EF31: 98.318482 | EG31: 98.384664 | EH31: 98.777303 | EI31: 99.108262 | EJ31: 99.553397 | EK31: 99.93046 | EL31: 100.21116 | EM31: 100.71354 | EN31: 101.08127 | EO31: 101.19561 | EP31: 101.28213 | EQ31: 101.44373
B33: Durable | P33: 84.766273 | Q33: 84.884547 | R33: 84.565113 | S33: 84.729522 | T33: 84.693673 | U33: 83.412207 | V33: 84.724064 | W33: 84.620574 | X33: 84.426661 | Y33: 84.492666 | Z33: 84.652843 | AA33: 84.904441 | AB33: 84.882613 | AC33: 85.447838 | AD33: 85.445759 | AE33: 85.882065 | AF33: 85.444109 | AG33: 85.439632 | AH33: 85.345677 | AI33: 85.600599 | AJ33: 85.100351 | AK33: 85.916551 | AL33: 86.013018 | AM33: 85.970813 | AN33: 85.944734 | AO33: 86.248131 | AP33: 86.22482 | AQ33: 86.517538 | AR33: 86.434548 | AS33: 86.460704 | AT33: 86.506671 | AU33: 86.481394 | AV33: 86.875966 | AW33: 86.651581 | AX33: 86.878136 | AY33: 86.509569 | AZ33: 86.565004 | BA33: 86.989925 | BB33: 87.06332 | BC33: 87.13102 | BD33: 87.65186 | BE33: 88.512781 | BF33: 87.982066 | BG33: 88.274771 | BH33: 88.241255 | BI33: 88.199296 | BJ33: 88.479421 | BK33: 88.700076 | BL33: 88.482632 | BM33: 88.094506 | BN33: 88.645069 | BO33: 88.774 | BP33: 88.726444 | BQ33: 89.567486 | BR33: 88.734669 | BS33: 88.676013 | BT33: 89.116441 | BU33: 89.140652 | BV33: 89.292781 | BW33: 89.524705 | BX33: 89.056483 | BY33: 89.072152 | BZ33: 88.799708 | CA33: 89.192167 | CB33: 89.262445 | CC33: 89.202485 | CD33: 89.129959 | CE33: 89.26251 | CF33: 89.299422 | CG33: 89.252472 | CH33: 89.204732 | CI33: 89.562022 | CJ33: 89.629763 | CK33: 89.815416 | CL33: 89.764818 | CM33: 89.786954 | CN33: 90.011928 | CO33: 90.446356 | CP33: 90.505704 | CQ33: 90.649906 | CR33: 90.781947 | CS33: 90.801562 | CT33: 90.827623 | CU33: 91.025741 | CV33: 91.099786 | CW33: 91.273777 | CX33: 91.80266 | CY33: 92.202864 | CZ33: 92.373138 | DA33: 92.376289 | DB33: 92.319518 | DC33: 92.623567 | DD33: 92.706938 | DE33: 92.787598 | DF33: 92.806366 | DG33: 92.80163 | DH33: 92.985257 | DI33: 93.243028 | DJ33: 93.38507 | DK33: 93.497402 | DL33: 94.026998 | DM33: 94.368986 | DN33: 94.149941 | DO33: 94.176208 | DP33: 94.533587 | DQ33: 94.674911 | DR33: 94.775932 | DS33: 94.752865 | DT33: 94.951315 | DU33: 95.000926 | DV33: 95.211791 | DW33: 95.29045 | DX33: 95.366958 | DY33: 95.41973 | DZ33: 95.897844 | EA33: 95.77153 | EB33: 95.707535 | EC33: 95.886701 | ED33: 95.967143 | EE33: 96.35741 | EF33: 96.863082 | EG33: 97.366292 | EH33: 97.814764 | EI33: 98.992018 | EJ33: 99.390585 | EK33: 100.55008 | EL33: 100.80537 | EM33: 101.13579 | EN33: 101.17911 | EO33: 101.5724 | EP33: 102.0196 | EQ33: 102.31091
B34: Non durable | P34: 75.261026 | Q34: 75.202955 | R34: 75.714005 | S34: 76.110558 | T34: 76.427461 | U34: 76.350537 | V34: 76.505154 | W34: 77.051602 | X34: 77.071803 | Y34: 77.472118 | Z34: 77.146299 | AA34: 78.193509 | AB34: 77.964573 | AC34: 77.5271 | AD34: 77.760499 | AE34: 77.492542 | AF34: 77.755083 | AG34: 78.023518 | AH34: 78.197803 | AI34: 78.540722 | AJ34: 78.961483 | AK34: 79.580287 | AL34: 79.806408 | AM34: 79.792683 | AN34: 78.985707 | AO34: 78.916008 | AP34: 78.788 | AQ34: 78.358397 | AR34: 78.77752 | AS34: 78.310816 | AT34: 79.658552 | AU34: 79.746912 | AV34: 79.986564 | AW34: 79.933281 | AX34: 80.740071 | AY34: 81.124298 | AZ34: 80.184464 | BA34: 80.549798 | BB34: 80.266275 | BC34: 81.113792 | BD34: 81.25599 | BE34: 81.615636 | BF34: 82.184975 | BG34: 81.81134 | BH34: 82.173384 | BI34: 82.382662 | BJ34: 82.023307 | BK34: 82.413463 | BL34: 81.675563 | BM34: 81.616867 | BN34: 81.810008 | BO34: 82.06211 | BP34: 82.872691 | BQ34: 82.225478 | BR34: 82.384208 | BS34: 82.714392 | BT34: 82.65392 | BU34: 82.222167 | BV34: 82.201134 | BW34: 82.164452 | BX34: 81.485107 | BY34: 81.512814 | BZ34: 81.644439 | CA34: 82.277922 | CB34: 82.42357 | CC34: 82.326865 | CD34: 82.464299 | CE34: 82.980985 | CF34: 83.285604 | CG34: 83.150875 | CH34: 83.036242 | CI34: 82.950107 | CJ34: 82.632599 | CK34: 82.390425 | CL34: 82.476822 | CM34: 82.875177 | CN34: 83.123987 | CO34: 82.86214 | CP34: 82.717044 | CQ34: 82.807158 | CR34: 83.434858 | CS34: 84.067157 | CT34: 84.099378 | CU34: 84.210706 | CV34: 83.639867 | CW34: 84.216077 | CX34: 84.577503 | CY34: 84.990601 | CZ34: 84.928238 | DA34: 85.071999 | DB34: 85.511028 | DC34: 85.652106 | DD34: 85.861598 | DE34: 86.350653 | DF34: 86.810896 | DG34: 86.873862 | DH34: 87.037149 | DI34: 87.147404 | DJ34: 87.630048 | DK34: 87.382551 | DL34: 87.691234 | DM34: 87.876798 | DN34: 88.704341 | DO34: 88.959013 | DP34: 88.704045 | DQ34: 89.407991 | DR34: 89.169219 | DS34: 89.441648 | DT34: 89.10857 | DU34: 89.233244 | DV34: 89.723281 | DW34: 90.233901 | DX34: 90.689583 | DY34: 91.167642 | DZ34: 92.095464 | EA34: 91.84429 | EB34: 92.044559 | EC34: 92.26127 | ED34: 92.37448 | EE34: 94.392161 | EF34: 94.968348 | EG34: 95.691722 | EH34: 96.392568 | EI34: 98.145001 | EJ34: 98.897429 | EK34: 99.173591 | EL34: 100.41711 | EM34: 101.72681 | EN34: 102.57951 | EO34: 103.09028 | EP34: 104.13816 | EQ34: 104.77946
B35: Semi durable | P35: 84.537925 | Q35: 84.805892 | R35: 85.017239 | S35: 84.85034 | T35: 85.260562 | U35: 85.142993 | V35: 85.473225 | W35: 85.349997 | X35: 85.199811 | Y35: 85.604564 | Z35: 85.49873 | AA35: 86.37322 | AB35: 85.831252 | AC35: 86.162617 | AD35: 85.924013 | AE35: 86.238808 | AF35: 86.136609 | AG35: 86.218063 | AH35: 86.254904 | AI35: 86.573949 | AJ35: 86.603822 | AK35: 86.692805 | AL35: 86.527178 | AM35: 87.563097 | AN35: 86.770529 | AO35: 86.874454 | AP35: 86.706917 | AQ35: 86.847452 | AR35: 87.242983 | AS35: 87.186444 | AT35: 87.44622 | AU35: 87.432076 | AV35: 87.445393 | AW35: 87.456277 | AX35: 87.614967 | AY35: 88.180526 | AZ35: 87.608791 | BA35: 87.530591 | BB35: 87.566595 | BC35: 87.005547 | BD35: 87.372939 | BE35: 87.682966 | BF35: 87.714155 | BG35: 87.786377 | BH35: 87.768098 | BI35: 87.506152 | BJ35: 87.542918 | BK35: 88.15055 | BL35: 87.695376 | BM35: 87.639307 | BN35: 87.781072 | BO35: 87.507473 | BP35: 87.464988 | BQ35: 87.487347 | BR35: 87.919829 | BS35: 88.113783 | BT35: 88.269001 | BU35: 88.170584 | BV35: 87.841276 | BW35: 88.702243 | BX35: 88.603427 | BY35: 88.439637 | BZ35: 88.592368 | CA35: 88.60769 | CB35: 88.4746 | CC35: 88.560896 | CD35: 88.680894 | CE35: 88.820822 | CF35: 88.992522 | CG35: 88.84637 | CH35: 88.937402 | CI35: 89.157369 | CJ35: 89.118143 | CK35: 89.374849 | CL35: 89.402937 | CM35: 89.696154 | CN35: 89.878395 | CO35: 89.906247 | CP35: 90.117997 | CQ35: 90.304177 | CR35: 90.478321 | CS35: 90.802798 | CT35: 90.930949 | CU35: 91.216291 | CV35: 91.182954 | CW35: 91.288669 | CX35: 91.447565 | CY35: 91.659274 | CZ35: 91.852085 | DA35: 92.094375 | DB35: 92.207456 | DC35: 92.419349 | DD35: 92.558036 | DE35: 92.997168 | DF35: 93.238202 | DG35: 93.591837 | DH35: 93.447959 | DI35: 93.513195 | DJ35: 93.475331 | DK35: 93.872178 | DL35: 94.04527 | DM35: 94.284517 | DN35: 94.280438 | DO35: 94.355124 | DP35: 94.755354 | DQ35: 94.904086 | DR35: 95.073223 | DS35: 95.303984 | DT35: 95.297184 | DU35: 95.41662 | DV35: 95.779004 | DW35: 95.713322 | DX35: 95.891631 | DY35: 96.08493 | DZ35: 96.402261 | EA35: 96.604118 | EB35: 96.548609 | EC35: 96.905502 | ED35: 97.096108 | EE35: 97.352941 | EF35: 97.65002 | EG35: 98.025603 | EH35: 98.389765 | EI35: 99.186415 | EJ35: 99.796118 | EK35: 100.2972 | EL35: 100.32214 | EM35: 100.7038 | EN35: 101.16133 | EO35: 101.28207 | EP35: 101.3661 | EQ35: 101.81944
B36: Services | P36: 82.104364 | Q36: 81.869526 | R36: 81.970436 | S36: 82.187383 | T36: 82.464475 | U36: 82.856043 | V36: 83.080759 | W36: 83.366345 | X36: 83.365507 | Y36: 83.595069 | Z36: 83.825897 | AA36: 83.947473 | AB36: 83.728744 | AC36: 83.862488 | AD36: 83.871606 | AE36: 84.063008 | AF36: 84.082599 | AG36: 84.216932 | AH36: 84.06896 | AI36: 84.421243 | AJ36: 84.60699 | AK36: 84.721663 | AL36: 84.675019 | AM36: 84.986495 | AN36: 84.97415 | AO36: 84.856521 | AP36: 84.737183 | AQ36: 84.729353 | AR36: 85.021949 | AS36: 85.219199 | AT36: 88.440503 | AU36: 88.631665 | AV36: 88.995232 | AW36: 88.871401 | AX36: 89.136039 | AY36: 89.30571 | AZ36: 89.149193 | BA36: 89.537087 | BB36: 89.84317 | BC36: 90.01688 | BD36: 90.156945 | BE36: 90.536071 | BF36: 90.395378 | BG36: 90.677048 | BH36: 90.93867 | BI36: 90.738405 | BJ36: 90.804509 | BK36: 90.842123 | BL36: 90.970949 | BM36: 90.993924 | BN36: 90.913057 | BO36: 90.988347 | BP36: 91.017969 | BQ36: 91.188709 | BR36: 91.054658 | BS36: 91.340293 | BT36: 91.264824 | BU36: 91.297917 | BV36: 91.428558 | BW36: 91.541226 | BX36: 91.73797 | BY36: 91.754404 | BZ36: 91.85898 | CA36: 92.022348 | CB36: 91.890878 | CC36: 91.945037 | CD36: 91.954899 | CE36: 92.082695 | CF36: 92.02911 | CG36: 91.957834 | CH36: 91.950736 | CI36: 92.083219 | CJ36: 92.128599 | CK36: 92.201846 | CL36: 92.201265 | CM36: 92.444913 | CN36: 92.553785 | CO36: 92.888822 | CP36: 93.267402 | CQ36: 93.464177 | CR36: 93.562821 | CS36: 93.700061 | CT36: 93.84027 | CU36: 94.218779 | CV36: 94.38586 | CW36: 94.230459 | CX36: 94.706821 | CY36: 94.830857 | CZ36: 94.902128 | DA36: 94.955815 | DB36: 95.021721 | DC36: 95.144716 | DD36: 95.149485 | DE36: 95.251907 | DF36: 95.299216 | DG36: 95.564814 | DH36: 95.566709 | DI36: 95.695087 | DJ36: 95.98751 | DK36: 97.338259 | DL36: 96.130302 | DM36: 96.13347 | DN36: 96.221667 | DO36: 96.289272 | DP36: 96.387478 | DQ36: 96.561656 | DR36: 96.640188 | DS36: 96.680364 | DT36: 96.727081 | DU36: 96.766545 | DV36: 96.872838 | DW36: 96.936039 | DX36: 96.942256 | DY36: 96.967128 | DZ36: 97.141235 | EA36: 97.290649 | EB36: 97.299979 | EC36: 97.486468 | ED36: 97.610095 | EE36: 98.051637 | EF36: 98.345444 | EG36: 98.406467 | EH36: 98.789158 | EI36: 99.10805 | EJ36: 99.547492 | EK36: 99.936653 | EL36: 100.21545 | EM36: 100.70362 | EN36: 101.06659 | EO36: 101.18186 | EP36: 101.26926 | EQ36: 101.42996
B38: Indice hors alimentation | D38: =IF(OR(D5="",D9="",D16=""),"",SUMPRODUCT(D8:D18,$C$8:$C$18)/SUM($C$8:$C$18)) | E38: =IF(OR(E5="",E9="",E16=""),"",SUMPRODUCT(E8:E18,$C$8:$C$18)/SUM($C$8:$C$18)) | F38: =IF(OR(F5="",F9="",F16=""),"",SUMPRODUCT(F8:F18,$C$8:$C$18)/SUM($C$8:$C$18)) | G38: =IF(OR(G5="",G9="",G16=""),"",SUMPRODUCT(G8:G18,$C$8:$C$18)/SUM($C$8:$C$18)) | H38: =IF(OR(H5="",H9="",H16=""),"",SUMPRODUCT(H8:H18,$C$8:$C$18)/SUM($C$8:$C$18)) | I38: =IF(OR(I5="",I9="",I16=""),"",SUMPRODUCT(I8:I18,$C$8:$C$18)/SUM($C$8:$C$18)) | J38: =IF(OR(J5="",J9="",J16=""),"",SUMPRODUCT(J8:J18,$C$8:$C$18)/SUM($C$8:$C$18)) | K38: =IF(OR(K5="",K9="",K16=""),"",SUMPRODUCT(K8:K18,$C$8:$C$18)/SUM($C$8:$C$18)) | ... DK38: =IF(OR(DK5="",DK9="",DK16=""),"",SUMPRODUCT(DK8:DK18,$C$8:$C$18)/SUM($C$8:$C$18)) -> 96.152996 | DM38: =IF(OR(DM5="",DM9="",DM16=""),"",SUMPRODUCT(DM8:DM18,$C$8:$C$18)/SUM($C$8:$C$18)) -> 95.620469 | DN38: =IF(OR(DN5="",DN9="",DN16=""),"",SUMPRODUCT(DN8:DN18,$C$8:$C$18)/SUM($C$8:$C$18)) -> 95.674554 | DO38: =IF(OR(DO5="",DO9="",DO16=""),"",SUMPRODUCT(DO8:DO18,$C$8:$C$18)/SUM($C$8:$C$18)) -> 95.902081 | DP38: =IF(OR(DP5="",DP9="",DP16=""),"",SUMPRODUCT(DP8:DP18,$C$8:$C$18)/SUM($C$8:$C$18)) -> 95.886129 | DQ38: =IF(OR(DQ5="",DQ9="",DQ16=""),"",SUMPRODUCT(DQ8:DQ18,$C$8:$C$18)/SUM($C$8:$C$18)) -> 96.242142 | DR38: =IF(OR(DR5="",DR9="",DR16=""),"",SUMPRODUCT(DR8:DR18,$C$8:$C$18)/SUM($C$8:$C$18)) -> 96.281878 | DS38: =IF(OR(DS5="",DS9="",DS16=""),"",SUMPRODUCT(DS8:DS18,$C$8:$C$18)/SUM($C$8:$C$18)) -> 96.407402 | DT38: =IF(OR(DT5="",DT9="",DT16=""),"",SUMPRODUCT(DT8:DT18,$C$8:$C$18)/SUM($C$8:$C$18)) -> 96.502076 | ... EG38: =IF(OR(EG5="",EG9="",EG16=""),"",SUMPRODUCT(EG8:EG18,$C$8:$C$18)/SUM($C$8:$C$18)) -> 98.332176 | EH38: =IF(OR(ET5="",ET9="",ET16=""),"",SUMPRODUCT(ET8:ET18,$C$8:$C$18)/SUM($C$8:$C$18)) -> 104.90138 | EI38: =IF(OR(EI5="",EI9="",EI16=""),"",SUMPRODUCT(EI8:EI18,$C$8:$C$18)/SUM($C$8:$C$18)) -> 99.196796 | EJ38: =IF(OR(EJ5="",EJ9="",EJ16=""),"",SUMPRODUCT(EJ8:EJ18,$C$8:$C$18)/SUM($C$8:$C$18)) -> 99.64373 | EK38: =IF(OR(EK5="",EK9="",EK16=""),"",SUMPRODUCT(EK8:EK18,$C$8:$C$18)/SUM($C$8:$C$18)) -> 99.900193 | EL38: =IF(OR(EL5="",EL9="",EL16=""),"",SUMPRODUCT(EL8:EL18,$C$8:$C$18)/SUM($C$8:$C$18)) -> 100.10059 | EM38: =IF(OR(EM5="",EM9="",EM16=""),"",SUMPRODUCT(EM8:EM18,$C$8:$C$18)/SUM($C$8:$C$18)) -> 100.50855 | EN38: =IF(OR(EN5="",EN9="",EN16=""),"",SUMPRODUCT(EN8:EN18,$C$8:$C$18)/SUM($C$8:$C$18)) -> 100.88647 | EO38: =IF(OR(EO5="",EO9="",EO16=""),"",SUMPRODUCT(EO8:EO18,$C$8:$C$18)/SUM($C$8:$C$18)) -> 101.27569 | EP38: =IF(OR(EP5="",EP9="",EP16=""),"",SUMPRODUCT(EP8:EP18,$C$8:$C$18)/SUM($C$8:$C$18)) -> 101.47381 | ... FR38: =IF(OR(FR5="",FR9="",FR16=""),"",SUMPRODUCT(FR8:FR18,$C$8:$C$18)/SUM($C$8:$C$18)) -> 111.33247
B39: Indice hors transport | D39: =IF(OR(D5="",D11="",D17=""),"",(D5*$C$5+SUMPRODUCT($C$8:$C$12,D8:D12)+SUMPRODUCT($C$14:$C$18,D14:D18))/SUM($C$5,$C$8:$C$12,$C$14:$C$18)) | E39: =IF(OR(E5="",E11="",E17=""),"",(E5*$C$5+SUMPRODUCT($C$8:$C$12,E8:E12)+SUMPRODUCT($C$14:$C$18,E14:E18))/SUM($C$5,$C$8:$C$12,$C$14:$C$18)) | F39: =IF(OR(F5="",F11="",F17=""),"",(F5*$C$5+SUMPRODUCT($C$8:$C$12,F8:F12)+SUMPRODUCT($C$14:$C$18,F14:F18))/SUM($C$5,$C$8:$C$12,$C$14:$C$18)) | G39: =IF(OR(G5="",G11="",G17=""),"",(G5*$C$5+SUMPRODUCT($C$8:$C$12,G8:G12)+SUMPRODUCT($C$14:$C$18,G14:G18))/SUM($C$5,$C$8:$C$12,$C$14:$C$18)) | H39: =IF(OR(H5="",H11="",H17=""),"",(H5*$C$5+SUMPRODUCT($C$8:$C$12,H8:H12)+SUMPRODUCT($C$14:$C$18,H14:H18))/SUM($C$5,$C$8:$C$12,$C$14:$C$18)) | I39: =IF(OR(I5="",I11="",I17=""),"",(I5*$C$5+SUMPRODUCT($C$8:$C$12,I8:I12)+SUMPRODUCT($C$14:$C$18,I14:I18))/SUM($C$5,$C$8:$C$12,$C$14:$C$18)) | J39: =IF(OR(J5="",J11="",J17=""),"",(J5*$C$5+SUMPRODUCT($C$8:$C$12,J8:J12)+SUMPRODUCT($C$14:$C$18,J14:J18))/SUM($C$5,$C$8:$C$12,$C$14:$C$18)) | K39: =IF(OR(K5="",K11="",K17=""),"",(K5*$C$5+SUMPRODUCT($C$8:$C$12,K8:K12)+SUMPRODUCT($C$14:$C$18,K14:K18))/SUM($C$5,$C$8:$C$12,$C$14:$C$18)) | ... EG39: =IF(OR(EG5="",EG11="",EG17=""),"",(EG5*$C$5+SUMPRODUCT($C$8:$C$12,EG8:EG12)+SUMPRODUCT($C$14:$C$18,EG14:EG18))/SUM($C$5,$C$8:$C$12,$C$14:$C$18)) -> 96.888537 | EH39: =IF(OR(ET5="",ET11="",ET17=""),"",(ET5*$C$5+SUMPRODUCT($C$8:$C$12,ET8:ET12)+SUMPRODUCT($C$14:$C$18,ET14:ET18))/SUM($C$5,$C$8:$C$12,$C$14:$C$18)) -> 104.53587 | EI39: =IF(OR(EI5="",EI11="",EI17=""),"",(EI5*$C$5+SUMPRODUCT($C$8:$C$12,EI8:EI12)+SUMPRODUCT($C$14:$C$18,EI14:EI18))/SUM($C$5,$C$8:$C$12,$C$14:$C$18)) -> 98.639157 | EJ39: =IF(OR(EJ5="",EJ11="",EJ17=""),"",(EJ5*$C$5+SUMPRODUCT($C$8:$C$12,EJ8:EJ12)+SUMPRODUCT($C$14:$C$18,EJ14:EJ18))/SUM($C$5,$C$8:$C$12,$C$14:$C$18)) -> 99.284733 | EK39: =IF(OR(EK5="",EK11="",EK17=""),"",(EK5*$C$5+SUMPRODUCT($C$8:$C$12,EK8:EK12)+SUMPRODUCT($C$14:$C$18,EK14:EK18))/SUM($C$5,$C$8:$C$12,$C$14:$C$18)) -> 99.581142 | EL39: =IF(OR(EL5="",EL11="",EL17=""),"",(EL5*$C$5+SUMPRODUCT($C$8:$C$12,EL8:EL12)+SUMPRODUCT($C$14:$C$18,EL14:EL18))/SUM($C$5,$C$8:$C$12,$C$14:$C$18)) -> 100.31942 | EM39: =IF(OR(EM5="",EM11="",EM17=""),"",(EM5*$C$5+SUMPRODUCT($C$8:$C$12,EM8:EM12)+SUMPRODUCT($C$14:$C$18,EM14:EM18))/SUM($C$5,$C$8:$C$12,$C$14:$C$18)) -> 101.16904 | EN39: =IF(OR(EN5="",EN11="",EN17=""),"",(EN5*$C$5+SUMPRODUCT($C$8:$C$12,EN8:EN12)+SUMPRODUCT($C$14:$C$18,EN14:EN18))/SUM($C$5,$C$8:$C$12,$C$14:$C$18)) -> 101.85427 | EO39: =IF(OR(EO5="",EO11="",EO17=""),"",(EO5*$C$5+SUMPRODUCT($C$8:$C$12,EO8:EO12)+SUMPRODUCT($C$14:$C$18,EO14:EO18))/SUM($C$5,$C$8:$C$12,$C$14:$C$18)) -> 102.22456 | EP39: =IF(OR(EP5="",EP11="",EP17=""),"",(EP5*$C$5+SUMPRODUCT($C$8:$C$12,EP8:EP12)+SUMPRODUCT($C$14:$C$18,EP14:EP18))/SUM($C$5,$C$8:$C$12,$C$14:$C$18)) -> 102.81807 | ... FR39: =IF(OR(FR5="",FR11="",FR17=""),"",(FR5*$C$5+SUMPRODUCT($C$8:$C$12,FR8:FR12)+SUMPRODUCT($C$14:$C$18,FR14:FR18))/SUM($C$5,$C$8:$C$12,$C$14:$C$18)) -> 112.54564
B40: Indice hors alimentation et transports | D40: =IF(OR(D5="",D10="",D16=""),"",(SUMPRODUCT($C$8:$C$12,D8:D12)+SUMPRODUCT($C$14:$C$18,D14:D18))/SUM($C$8:$C$12,$C$14:$C$18)) | E40: =IF(OR(E5="",E10="",E16=""),"",(SUMPRODUCT($C$8:$C$12,E8:E12)+SUMPRODUCT($C$14:$C$18,E14:E18))/SUM($C$8:$C$12,$C$14:$C$18)) | F40: =IF(OR(F5="",F10="",F16=""),"",(SUMPRODUCT($C$8:$C$12,F8:F12)+SUMPRODUCT($C$14:$C$18,F14:F18))/SUM($C$8:$C$12,$C$14:$C$18)) | G40: =IF(OR(G5="",G10="",G16=""),"",(SUMPRODUCT($C$8:$C$12,G8:G12)+SUMPRODUCT($C$14:$C$18,G14:G18))/SUM($C$8:$C$12,$C$14:$C$18)) | H40: =IF(OR(H5="",H10="",H16=""),"",(SUMPRODUCT($C$8:$C$12,H8:H12)+SUMPRODUCT($C$14:$C$18,H14:H18))/SUM($C$8:$C$12,$C$14:$C$18)) | I40: =IF(OR(I5="",I10="",I16=""),"",(SUMPRODUCT($C$8:$C$12,I8:I12)+SUMPRODUCT($C$14:$C$18,I14:I18))/SUM($C$8:$C$12,$C$14:$C$18)) | J40: =IF(OR(J5="",J10="",J16=""),"",(SUMPRODUCT($C$8:$C$12,J8:J12)+SUMPRODUCT($C$14:$C$18,J14:J18))/SUM($C$8:$C$12,$C$14:$C$18)) | K40: =IF(OR(K5="",K10="",K16=""),"",(SUMPRODUCT($C$8:$C$12,K8:K12)+SUMPRODUCT($C$14:$C$18,K14:K18))/SUM($C$8:$C$12,$C$14:$C$18)) | ... EG40: =IF(OR(EG5="",EG10="",EG16=""),"",(SUMPRODUCT($C$8:$C$12,EG8:EG12)+SUMPRODUCT($C$14:$C$18,EG14:EG18))/SUM($C$8:$C$12,$C$14:$C$18)) -> 98.243674 | EH40: =IF(OR(ET5="",ET10="",ET16=""),"",(SUMPRODUCT($C$8:$C$12,ET8:ET12)+SUMPRODUCT($C$14:$C$18,ET14:ET18))/SUM($C$8:$C$12,$C$14:$C$18)) -> 102.92931 | EI40: =IF(OR(EI5="",EI10="",EI16=""),"",(SUMPRODUCT($C$8:$C$12,EI8:EI12)+SUMPRODUCT($C$14:$C$18,EI14:EI18))/SUM($C$8:$C$12,$C$14:$C$18)) -> 99.174439 | EJ40: =IF(OR(EJ5="",EJ10="",EJ16=""),"",(SUMPRODUCT($C$8:$C$12,EJ8:EJ12)+SUMPRODUCT($C$14:$C$18,EJ14:EJ18))/SUM($C$8:$C$12,$C$14:$C$18)) -> 99.6696 | EK40: =IF(OR(EK5="",EK10="",EK16=""),"",(SUMPRODUCT($C$8:$C$12,EK8:EK12)+SUMPRODUCT($C$14:$C$18,EK14:EK18))/SUM($C$8:$C$12,$C$14:$C$18)) -> 99.812475 | EL40: =IF(OR(EL5="",EL10="",EL16=""),"",(SUMPRODUCT($C$8:$C$12,EL8:EL12)+SUMPRODUCT($C$14:$C$18,EL14:EL18))/SUM($C$8:$C$12,$C$14:$C$18)) -> 100.05884 | EM40: =IF(OR(EM5="",EM10="",EM16=""),"",(SUMPRODUCT($C$8:$C$12,EM8:EM12)+SUMPRODUCT($C$14:$C$18,EM14:EM18))/SUM($C$8:$C$12,$C$14:$C$18)) -> 100.46852 | EN40: =IF(OR(EN5="",EN10="",EN16=""),"",(SUMPRODUCT($C$8:$C$12,EN8:EN12)+SUMPRODUCT($C$14:$C$18,EN14:EN18))/SUM($C$8:$C$12,$C$14:$C$18)) -> 100.92339 | EO40: =IF(OR(EO5="",EO10="",EO16=""),"",(SUMPRODUCT($C$8:$C$12,EO8:EO12)+SUMPRODUCT($C$14:$C$18,EO14:EO18))/SUM($C$8:$C$12,$C$14:$C$18)) -> 101.35945 | EP40: =IF(OR(EP5="",EP10="",EP16=""),"",(SUMPRODUCT($C$8:$C$12,EP8:EP12)+SUMPRODUCT($C$14:$C$18,EP14:EP18))/SUM($C$8:$C$12,$C$14:$C$18)) -> 101.58878 | ... FR40: =IF(OR(FR5="",FR10="",FR16=""),"",(SUMPRODUCT($C$8:$C$12,FR8:FR12)+SUMPRODUCT($C$14:$C$18,FR14:FR18))/SUM($C$8:$C$12,$C$14:$C$18)) -> 107.25944
B42: Ancien Indice général national - Base 100 : Décembre 1993 | C42: =AVERAGE(D42:O42) -> 222.06667 | D42: 220.3 | E42: 220.3 | F42: 219.5 | G42: 219.2 | H42: 220.1 | I42: 221.2 | J42: 222.2 | K42: 223 | L42: 224.2 | M42: 224.5 | N42: 224.7 | O42: 225.6 | P42: 224.4 | Q42: 224.2 | R42: 225.1 | S42: 225.8 | T42: 226.7 | U42: 226.9 | V42: =V19*AVERAGE($D$42:$O$42)/100 -> 178.05315 | W42: =W19*AVERAGE($D$42:$O$42)/100 -> 178.86991 | X42: =X19*AVERAGE($D$42:$O$42)/100 -> 178.78618 | Y42: =Y19*AVERAGE($D$42:$O$42)/100 -> 179.54565 | Z42: =Z19*AVERAGE($D$42:$O$42)/100 -> 179.36068 | AA42: =AA19*AVERAGE($D$42:$O$42)/100 -> 180.87905 | AB42: =AB19*AVERAGE($D$42:$O$42)/100 -> 180.3073 | AC42: =AC19*AVERAGE($D$42:$O$42)/100 -> 180.04505 | ... EG42: =EG19*AVERAGE($D$42:$O$42)/100 -> 215.35823 | EH42: =ET19*AVERAGE($D$42:$O$42)/100 -> 235.04639 | EI42: =EI19*AVERAGE($D$42:$O$42)/100 -> 219.08007 | EJ42: =EJ19*AVERAGE($D$42:$O$42)/100 -> 220.46086 | EK42: =EK19*AVERAGE($D$42:$O$42)/100 -> 221.26767 | EL42: =EL19*AVERAGE($D$42:$O$42)/100 -> 222.81582 | EM42: =EM19*AVERAGE($D$42:$O$42)/100 -> 224.6779 | EN42: =EN19*AVERAGE($D$42:$O$42)/100 -> 226.10224 | EO42: =EO19*AVERAGE($D$42:$O$42)/100 -> 226.85617 | EP42: =EP19*AVERAGE($D$42:$O$42)/100 -> 228.0992 | ... FR42: =FR19*AVERAGE($D$42:$O$42)/100 -> 255.37667
B45: IPC PAR VILLE
B47: Centres | C47: Pondération | D47: 40544 | E47: 40575 | F47: 40603 | G47: 40634 | H47: 40664 | I47: 40695 | J47: 40725 | K47: 40756 | L47: 40787 | M47: 40817 | N47: 40848 | O47: 40878 | P47: 40909 | Q47: 40940 | R47: 40969 | S47: 41000 | T47: 41030 | U47: 41061 | V47: 41091 | W47: 41122 | X47: 41153 | Y47: 41183 | Z47: 41214 | AA47: 41244 | AB47: 41275 | AC47: 41306 | AD47: 41334 | AE47: 41365 | AF47: 41395 | AG47: 41426 | AH47: 41456 | AI47: 41487 | AJ47: 41518 | AK47: 41548 | AL47: 41579 | AM47: 41609 | AN47: 41640 | AO47: 41671 | AP47: 41699 | AQ47: 41730 | AR47: 41760 | AS47: 41791 | AT47: 41821 | AU47: 41852 | AV47: 41883 | AW47: 41913 | AX47: 41944 | AY47: 41974 | AZ47: 42005 | BA47: 42036 | BB47: 42064 | BC47: 42095 | BD47: 42125 | BE47: 42156 | BF47: 42186 | BG47: 42217 | BH47: 42248 | BI47: 42278 | BJ47: 42309 | BK47: 42339 | BL47: 42370 | BM47: 42401 | BN47: 42430 | BO47: 42461 | BP47: 42491 | BQ47: 42522 | BR47: 42552 | BS47: 42583 | BT47: 42614 | BU47: 42644 | BV47: 42675 | BW47: 42705 | BX47: 42736 | BY47: 42767 | BZ47: 42795 | CA47: 42826 | CB47: 42856 | CC47: 42887 | CD47: 42917 | CE47: 42948 | CF47: 42979 | CG47: 43009 | CH47: 43040 | CI47: 43070 | CJ47: 43101 | CK47: 43132 | CL47: 43160 | CM47: 43191 | CN47: 43221 | CO47: 43252 | CP47: 43282 | CQ47: 43313 | CR47: 43344 | CS47: 43374 | CT47: 43405 | CU47: 43435 | CV47: 43466 | CW47: 43497 | CX47: 43525 | CY47: 43556 | CZ47: 43586 | DA47: 43617 | DB47: 43647 | DC47: 43678 | DD47: 43709 | DE47: 43739 | DF47: 43770 | DG47: 43800 | DH47: 43831 | DI47: 43862 | DJ47: 43891 | DK47: 43922 | DL47: 43952 | DM47: 43983 | DN47: 44013 | DO47: 44044 | DP47: 44075 | DQ47: 44105 | DR47: 44136 | DS47: 44166 | DT47: =DT4 -> 44197 | DU47: =DU4 -> 44228 | DV47: =DV4 -> 44256 | DW47: =DW4 -> 44287 | DX47: =DX4 -> 44317 | DY47: =DY4 -> 44348 | DZ47: =DZ4 -> 44378 | EA47: =EA4 -> 44409 | ... EG47: =EG4 -> 44593 | EH47: =ET4 -> 44986 | EI47: =EI4 -> 44652 | EJ47: =EJ4 -> 44682 | EK47: =EK4 -> 44713 | EL47: =EL4 -> 44743 | EM47: =EM4 -> 44774 | EN47: =EN4 -> 44805 | EO47: =EO4 -> 44835 | EP47: =EP4 -> 44866 | ... FA47: =FA4 -> 45200 | FB47: 45231 | FC47: 45261 | FD47: 45292 | FE47: 45323 | FF47: 45352 | FG47: 45383 | FH47: 45413 | FI47: 45444 | FJ47: 45474 | FK47: 45505 | FL47: 45536 | FM47: 45566 | FN47: 45597 | FO47: 45627 | FP47: 45658 | FQ47: 45689 | FR47: 45717 | FS47: 45748 | FT47: 45778
B48: Yaoundé | P48: 100.83146 | Q48: 100.16337 | R48: 100.27142 | S48: 100.15404 | T48: 100.68038 | U48: 101.06151 | V48: 100.83753 | W48: 100.94415 | X48: 100.86214 | Y48: 101.92086 | Z48: 101.80165 | AA48: 102.62344 | AB48: 102.63625 | AC48: 102.77304 | AD48: 103.17092 | AE48: 103.13666 | AF48: 102.92605 | AG48: 102.69017 | AH48: 103.02925 | AI48: 103.13889 | AJ48: 103.1842 | AK48: 103.83376 | AL48: 104.73745 | AM48: 105.11539 | AN48: 104.3509 | AO48: 103.97638 | AP48: 103.8402 | AQ48: 103.71666 | AR48: 103.80039 | AS48: 104.06017 | AT48: 106.52154 | AU48: 106.42084 | AV48: 106.83117 | AW48: 106.22837 | AX48: 106.86682 | AY48: 107.20657 | AZ48: 107.10356 | BA48: 107.7672 | BB48: 108.09603 | BC48: 108.3117 | BD48: 108.33455 | BE48: 108.73649 | BF48: 108.35986 | BG48: 108.43687 | BH48: 108.74158 | BI48: 108.86106 | BJ48: 108.76898 | BK48: 108.87605 | BL48: 109.09764 | BM48: 108.9559 | BN48: 109.14248 | BO48: 109.76547 | BP48: 109.53945 | BQ48: 109.673 | BR48: 109.79957 | BS48: 109.99295 | BT48: 110.17946 | BU48: 110.20599 | BV48: 110.81274 | BW48: 110.33513 | BX48: 110.43004 | BY48: 110.29807 | BZ48: 110.35419 | CA48: 110.9581 | CB48: 111.06167 | CC48: 110.87313 | CD48: 110.54982 | CE48: 110.67938 | CF48: 110.45863 | CG48: 110.47641 | CH48: 110.81289 | CI48: 110.67996 | CJ48: 110.58555 | CK48: 110.6628 | CL48: 110.76719 | CM48: 111.68913 | CN48: 112.20486 | CO48: 111.9722 | CP48: 111.70163 | CQ48: 111.87585 | CR48: 112.05013 | CS48: 112.70041 | CT48: 113.06608 | CU48: 113.32852 | CV48: 112.78878 | CW48: 113.68706 | CX48: 113.8391 | CY48: 114.09673 | CZ48: 114.27716 | DA48: 114.5902 | DB48: 114.6608 | DC48: 114.80805 | DD48: 114.95053 | DE48: 115.23121 | DF48: 115.43509 | DG48: 115.79789 | DH48: 115.62351 | DI48: 115.82967 | DJ48: 116.35755 | DK48: 116.83661 | DL48: 116.65576 | DM48: 116.82386 | DN48: 116.77267 | DO48: 117.00871 | DP48: 117.26687 | DQ48: 117.44998 | DR48: 117.31339 | DS48: 117.41078 | DT48: 117.35162 | DU48: 117.74199 | DV48: 118.20889 | DW48: 118.1952 | DX48: 118.26019 | DY48: 118.71744 | DZ48: 119.12856 | EA48: 119.36274 | EB48: 119.59215 | EC48: 119.69533 | ED48: 119.8752 | EE48: 121.09549 | EF48: 121.23431 | EG48: 121.82847 | EH48: 122.81532 | EI48: 124.34959 | EJ48: 125.40102 | EK48: 126.29074 | EL48: 127.28156 | EM48: 128.16338 | EN48: 128.70965 | EO48: 129.19149 | EP48: 129.52909 | EQ48: 130.26473 | ER48: 103.1 | ES48: 105.1 | ET48: 106.1 | EU48: 107.2 | EV48: 107.4 | EW48: 107.5 | EX48: 107.8 | EY48: 108.6 | EZ48: 108.7 | FA48: 108.8 | FB48: 108.7 | FC48: 108.8 | FD48: 108.4 | FE48: 109.9 | FF48: 110.5 | FG48: 111.3 | FH48: 111.7 | FI48: 111.6 | FJ48: 111.8 | FK48: 112.1 | FL48: 113.1 | FM48: 113 | FN48: 112.9 | FO48: 113.4 | FP48: 113.7 | FQ48: 113.9 | FR48: 114.6
B49: Douala | P49: 100.88881 | Q49: 100.8483 | R49: 101.22002 | S49: 101.68922 | T49: 101.65287 | U49: 101.77544 | V49: 102.22689 | W49: 102.54259 | X49: 102.56711 | Y49: 102.80473 | Z49: 102.7637 | AA49: 103.8458 | AB49: 104.10737 | AC49: 103.6329 | AD49: 103.07444 | AE49: 103.29047 | AF49: 103.44817 | AG49: 103.49365 | AH49: 103.59547 | AI49: 104.77714 | AJ49: 104.58104 | AK49: 105.30429 | AL49: 105.25852 | AM49: 105.14013 | AN49: 105.03637 | AO49: 105.23825 | AP49: 104.80687 | AQ49: 105.11254 | AR49: 106.30663 | AS49: 105.78195 | AT49: 108.61701 | AU49: 108.73739 | AV49: 108.79034 | AW49: 108.78789 | AX49: 108.71096 | AY49: 109.92934 | AZ49: 109.1822 | BA49: 109.22795 | BB49: 108.88256 | BC49: 108.80748 | BD49: 109.34588 | BE49: 109.51336 | BF49: 110.01986 | BG49: 110.12587 | BH49: 110.18273 | BI49: 110.6261 | BJ49: 110.63666 | BK49: 110.88665 | BL49: 110.18443 | BM49: 110.45583 | BN49: 110.33096 | BO49: 110.68279 | BP49: 111.6827 | BQ49: 110.79668 | BR49: 110.56833 | BS49: 110.72064 | BT49: 110.63644 | BU49: 110.74465 | BV49: 110.35755 | BW49: 110.91359 | BX49: 110.57195 | BY49: 110.45358 | BZ49: 110.64757 | CA49: 111.25481 | CB49: 111.06969 | CC49: 110.96253 | CD49: 110.75637 | CE49: 111.12183 | CF49: 111.19257 | CG49: 110.88759 | CH49: 111.02491 | CI49: 111.02475 | CJ49: 110.53001 | CK49: 110.69662 | CL49: 110.72905 | CM49: 111.09174 | CN49: 111.29091 | CO49: 111.29556 | CP49: 111.36821 | CQ49: 111.73023 | CR49: 112.05274 | CS49: 112.92255 | CT49: 113.2958 | CU49: 113.54265 | CV49: 112.93984 | CW49: 113.12613 | CX49: 113.68418 | CY49: 114.07597 | CZ49: 114.15065 | DA49: 114.38597 | DB49: 114.40432 | DC49: 114.665 | DD49: 114.85822 | DE49: 115.0905 | DF49: 115.38664 | DG49: 115.89778 | DH49: 115.59913 | DI49: 115.85287 | DJ49: 116.29107 | DK49: 117.02652 | DL49: 116.73523 | DM49: 116.84025 | DN49: 116.9338 | DO49: 117.30208 | DP49: 117.49179 | DQ49: 117.91592 | DR49: 117.80781 | DS49: 117.93682 | DT49: 118.05567 | DU49: 118.17872 | DV49: 118.46099 | DW49: 118.32653 | DX49: 118.4935 | DY49: 118.80856 | DZ49: 119.45142 | EA49: 119.52258 | EB49: 119.69472 | EC49: 119.77666 | ED49: 119.98714 | EE49: 121.40017 | EF49: 121.49142 | EG49: 122.02049 | EH49: 122.86014 | EI49: 124.47944 | EJ49: 125.32726 | EK49: 125.90038 | EL49: 126.65928 | EM49: 127.43951 | EN49: 127.99941 | EO49: 128.44932 | EP49: 128.90561 | EQ49: 129.56203 | ER49: 104 | ES49: 105 | ET49: 105.8 | EU49: 106.6 | EV49: 107.2 | EW49: 107.8 | EX49: 108.2 | EY49: 109 | EZ49: 109.4 | FA49: 109.8 | FB49: 109.8 | FC49: 109.7 | FD49: 109.6 | FE49: 111.1 | FF49: 111.7 | FG49: 112.2 | FH49: 112.2 | FI49: 113 | FJ49: 113 | FK49: 113.9 | FL49: 114.6 | FM49: 115.3 | FN49: 115.2 | FO49: 116 | FP49: 115.3 | FQ49: 115.3 | FR49: 115.4
B50: Maroua | P50: 101.37632 | Q50: 102.8819 | R50: 104.05134 | S50: 104.88237 | T50: 106.15941 | U50: 106.0316 | V50: 106.70198 | W50: 107.22651 | X50: 106.14569 | Y50: 106.72207 | Z50: 105.98843 | AA50: 107.75009 | AB50: 105.28421 | AC50: 105.15417 | AD50: 105.56446 | AE50: 106.50154 | AF50: 107.20872 | AG50: 109.9167 | AH50: 108.47742 | AI50: 108.6549 | AJ50: 110.04577 | AK50: 109.63592 | AL50: 108.53475 | AM50: 109.17329 | AN50: 107.81433 | AO50: 107.59807 | AP50: 107.6157 | AQ50: 106.94968 | AR50: 108.22718 | AS50: 107.14683 | AT50: 110.02532 | AU50: 109.46251 | AV50: 109.16376 | AW50: 109.06535 | AX50: 111.79843 | AY50: 110.66875 | AZ50: 109.59433 | BA50: 109.50885 | BB50: 109.40838 | BC50: 111.67131 | BD50: 111.54583 | BE50: 112.17259 | BF50: 112.93314 | BG50: 112.25709 | BH50: 110.81363 | BI50: 110.96543 | BJ50: 109.96895 | BK50: 110.02377 | BL50: 109.55324 | BM50: 109.90888 | BN50: 110.72746 | BO50: 110.1906 | BP50: 110.76615 | BQ50: 109.97886 | BR50: 110.52194 | BS50: 109.97465 | BT50: 110.2894 | BU50: 108.11898 | BV50: 108.82428 | BW50: 109.33548 | BX50: 108.54736 | BY50: 108.57018 | BZ50: 109.17561 | CA50: 110.34177 | CB50: 111.32184 | CC50: 111.48863 | CD50: 112.35123 | CE50: 111.685 | CF50: 111.72263 | CG50: 111.97439 | CH50: 111.90198 | CI50: 112.66842 | CJ50: 112.32466 | CK50: 111.53452 | CL50: 111.37218 | CM50: 111.88903 | CN50: 112.64922 | CO50: 113.04985 | CP50: 111.90507 | CQ50: 111.17665 | CR50: 111.43099 | CS50: 110.61896 | CT50: 111.41492 | CU50: 111.60319 | CV50: 110.90545 | CW50: 110.21878 | CX50: 111.11658 | CY50: 111.22641 | CZ50: 111.65666 | DA50: 112.85584 | DB50: 113.36511 | DC50: 113.28024 | DD50: 113.61958 | DE50: 113.79329 | DF50: 113.99187 | DG50: 113.7259 | DH50: 114.9868 | DI50: 114.55383 | DJ50: 114.0988 | DK50: 115.29831 | DL50: 115.41285 | DM50: 116.19998 | DN50: 117.93869 | DO50: 117.53605 | DP50: 115.74332 | DQ50: 117.46331 | DR50: 117.83993 | DS50: 118.03375 | DT50: 117.06632 | DU50: 116.70163 | DV50: 117.20175 | DW50: 118.47296 | DX50: 119.69723 | DY50: 120.58295 | DZ50: 121.18703 | EA50: 121.82902 | EB50: 121.44728 | EC50: 121.59539 | ED50: 121.50738 | EE50: 122.80217 | EF50: 124.10706 | EG50: 124.11956 | EH50: 124.69916 | EI50: 126.46868 | EJ50: 127.19616 | EK50: 127.33689 | EL50: 127.41184 | EM50: 127.66028 | EN50: 129.70505 | EO50: 129.70563 | EP50: 132.06834 | EQ50: 131.93385 | ER50: 103 | ES50: 103.7 | ET50: 104.8 | EU50: 105.7 | EV50: 106.6 | EW50: 108.8 | EX50: 108.4 | EY50: 109.4 | EZ50: 110.1 | FA50: 110.3 | FB50: 109.9 | FC50: 110 | FD50: 108.6 | FE50: 110.1 | FF50: 111 | FG50: 113.4 | FH50: 116.2 | FI50: 117.2 | FJ50: 117 | FK50: 116.2 | FL50: 117.2 | FM50: 117.5 | FN50: 117.8 | FO50: 118.8 | FP50: 117.7 | FQ50: 118.2 | FR50: 118.1
B51: Bafoussam | P51: 101.82054 | Q51: 101.40356 | R51: 102.27874 | S51: 102.95259 | T51: 102.52138 | U51: 101.58272 | V51: 102.13125 | W51: 103.97184 | X51: 104.04337 | Y51: 103.94165 | Z51: 104.32195 | AA51: 105.48617 | AB51: 105.4679 | AC51: 104.22248 | AD51: 104.07199 | AE51: 104.00882 | AF51: 103.96365 | AG51: 104.86268 | AH51: 105.43509 | AI51: 105.84819 | AJ51: 106.87356 | AK51: 107.34621 | AL51: 107.31491 | AM51: 109.07536 | AN51: 107.23689 | AO51: 107.11646 | AP51: 106.33263 | AQ51: 105.51791 | AR51: 105.60072 | AS51: 104.41912 | AT51: 105.13706 | AU51: 105.41939 | AV51: 107.05936 | AW51: 107.25119 | AX51: 107.81319 | AY51: 107.27135 | AZ51: 106.42968 | BA51: 107.14567 | BB51: 107.0888 | BC51: 106.51011 | BD51: 107.31964 | BE51: 107.16294 | BF51: 108.03646 | BG51: 108.11294 | BH51: 109.74739 | BI51: 109.62431 | BJ51: 108.59305 | BK51: 110.29366 | BL51: 109.38239 | BM51: 108.55779 | BN51: 109.29618 | BO51: 107.98241 | BP51: 108.98911 | BQ51: 108.74247 | BR51: 108.79128 | BS51: 111.88041 | BT51: 111.43369 | BU51: 110.80996 | BV51: 109.60505 | BW51: 110.68753 | BX51: 109.62503 | BY51: 109.6803 | BZ51: 110.18527 | CA51: 110.24785 | CB51: 109.89352 | CC51: 109.76741 | CD51: 110.41488 | CE51: 112.22014 | CF51: 112.60967 | CG51: 112.505 | CH51: 111.35869 | CI51: 111.00558 | CJ51: 110.94664 | CK51: 110.22168 | CL51: 110.06274 | CM51: 110.41698 | CN51: 110.54967 | CO51: 110.40011 | CP51: 111.29245 | CQ51: 111.34815 | CR51: 112.32057 | CS51: 112.56167 | CT51: 112.98731 | CU51: 113.23579 | CV51: 112.87294 | CW51: 112.96004 | CX51: 113.42286 | CY51: 113.70832 | CZ51: 113.41573 | DA51: 113.33148 | DB51: 113.7689 | DC51: 114.67507 | DD51: 115.05045 | DE51: 116.6268 | DF51: 116.58083 | DG51: 116.45337 | DH51: 116.73209 | DI51: 116.72254 | DJ51: 117.1939 | DK51: 117.30139 | DL51: 116.9452 | DM51: 116.37929 | DN51: 116.9218 | DO51: 117.15419 | DP51: 117.4399 | DQ51: 118.48949 | DR51: 118.58955 | DS51: 118.84291 | DT51: 117.72419 | DU51: 117.53952 | DV51: 119.19263 | DW51: 119.68646 | DX51: 119.79033 | DY51: 119.88516 | DZ51: 120.93554 | EA51: 120.48226 | EB51: 120.4889 | EC51: 121.02332 | ED51: 120.75485 | EE51: 124.54327 | EF51: 124.8961 | EG51: 125.40514 | EH51: 125.74538 | EI51: 126.71471 | EJ51: 126.7292 | EK51: 127.20783 | EL51: 128.32918 | EM51: 130.70693 | EN51: 131.95888 | EO51: 132.22766 | EP51: 133.0926 | EQ51: 134.03988 | ER51: 104.2 | ES51: 105.8 | ET51: 105.9 | EU51: 106.1 | EV51: 106.3 | EW51: 106.9 | EX51: 107.4 | EY51: 108 | EZ51: 108.2 | FA51: 108.2 | FB51: 108.2 | FC51: 109 | FD51: 108.4 | FE51: 110.3 | FF51: 111.4 | FG51: 111.6 | FH51: 112.2 | FI51: 112.9 | FJ51: 111.7 | FK51: 112.1 | FL51: 113.3 | FM51: 113.7 | FN51: 113.5 | FO51: 114 | FP51: 114.5 | FQ51: 114.8 | FR51: 115.2
B52: Buéa | P52: 101.19291 | Q52: 100.79217 | R52: 100.92116 | S52: 100.80446 | T52: 101.83383 | U52: 101.36606 | V52: 104.14236 | W52: 103.15309 | X52: 103.79725 | Y52: 103.90705 | Z52: 103.31476 | AA52: 104.02384 | AB52: 103.71919 | AC52: 103.85055 | AD52: 103.93927 | AE52: 103.74792 | AF52: 103.63154 | AG52: 103.37709 | AH52: 103.08374 | AI52: 103.25064 | AJ52: 104.47723 | AK52: 103.8447 | AL52: 104.33395 | AM52: 104.55208 | AN52: 104.36734 | AO52: 104.61787 | AP52: 104.58877 | AQ52: 103.74802 | AR52: 104.09899 | AS52: 104.39931 | AT52: 105.82316 | AU52: 106.25833 | AV52: 107.51655 | AW52: 107.83932 | AX52: 108.1051 | AY52: 108.96087 | AZ52: 107.61683 | BA52: 109.26869 | BB52: 108.80155 | BC52: 109.22129 | BD52: 110.26815 | BE52: 111.40941 | BF52: 110.83789 | BG52: 111.15137 | BH52: 111.09416 | BI52: 111.45943 | BJ52: 111.63442 | BK52: 112.30033 | BL52: 111.64788 | BM52: 112.3763 | BN52: 111.15594 | BO52: 112.30217 | BP52: 112.77749 | BQ52: 112.35451 | BR52: 112.68371 | BS52: 112.60854 | BT52: 112.47375 | BU52: 112.27374 | BV52: 112.67662 | BW52: 112.15271 | BX52: 112.19844 | BY52: 112.25104 | BZ52: 112.05129 | CA52: 111.96939 | CB52: 111.85758 | CC52: 111.80722 | CD52: 112.21536 | CE52: 112.61691 | CF52: 113.78186 | CG52: 113.83984 | CH52: 113.70748 | CI52: 113.81285 | CJ52: 114.03963 | CK52: 113.76372 | CL52: 114.26913 | CM52: 114.09079 | CN52: 113.85278 | CO52: 113.65715 | CP52: 115.2006 | CQ52: 115.43586 | CR52: 117.25611 | CS52: 116.69566 | CT52: 115.389 | CU52: 115.47381 | CV52: 116.06472 | CW52: 116.6008 | CX52: 118.37432 | CY52: 119.49574 | CZ52: 118.66032 | DA52: 118.2353 | DB52: 119.27978 | DC52: 119.24009 | DD52: 119.06379 | DE52: 119.1003 | DF52: 120.59691 | DG52: 120.90062 | DH52: 121.39275 | DI52: 121.98052 | DJ52: 123.25372 | DK52: 123.83263 | DL52: 121.95722 | DM52: 122.51988 | DN52: 123.69052 | DO52: 124.05179 | DP52: 123.52178 | DQ52: 124.07745 | DR52: 123.19908 | DS52: 123.69086 | DT52: 123.38748 | DU52: 123.49764 | DV52: 123.98804 | DW52: 123.77159 | DX52: 124.04192 | DY52: 124.13658 | DZ52: 126.31177 | EA52: 125.55767 | EB52: 125.90791 | EC52: 126.77439 | ED52: 126.77778 | EE52: 128.00355 | EF52: 128.38174 | EG52: 130.00792 | EH52: 130.43013 | EI52: 132.28291 | EJ52: 133.26652 | EK52: 133.576 | EL52: 134.75063 | EM52: 137.02014 | EN52: 137.54095 | EO52: 136.47064 | EP52: 137.08433 | EQ52: 138.06854 | ER52: 103.1 | ES52: 104.9 | ET52: 105.9 | EU52: 106.3 | EV52: 107.1 | EW52: 107.1 | EX52: 107.8 | EY52: 107.2 | EZ52: 108 | FA52: 108 | FB52: 108.2 | FC52: 108.7 | FD52: 108.6 | FE52: 109.9 | FF52: 110.8 | FG52: 111.4 | FH52: 111.4 | FI52: 111.5 | FJ52: 111.2 | FK52: 112.8 | FL52: 113.9 | FM52: 113.8 | FN52: 113.7 | FO52: 113.9 | FP52: 114 | FQ52: 114.5 | FR52: 115
B53: Garoua | P53: 102.09799 | Q53: 101.94544 | R53: 101.34732 | S53: 100.82464 | T53: 102.44425 | U53: 103.34469 | V53: 103.42872 | W53: 103.93707 | X53: 103.19247 | Y53: 102.99172 | Z53: 103.74426 | AA53: 103.32107 | AB53: 102.18074 | AC53: 102.15973 | AD53: 102.53832 | AE53: 102.10073 | AF53: 103.1827 | AG53: 103.83975 | AH53: 103.39029 | AI53: 103.5894 | AJ53: 103.40375 | AK53: 104.20937 | AL53: 104.42617 | AM53: 105.12249 | AN53: 103.87615 | AO53: 103.55677 | AP53: 103.3557 | AQ53: 102.82227 | AR53: 102.86326 | AS53: 103.28125 | AT53: 105.58029 | AU53: 106.15895 | AV53: 106.38117 | AW53: 106.8946 | AX53: 109.5935 | AY53: 109.60452 | AZ53: 108.31737 | BA53: 107.33968 | BB53: 107.30583 | BC53: 108.63563 | BD53: 108.69913 | BE53: 108.88991 | BF53: 110.48458 | BG53: 109.41425 | BH53: 110.27942 | BI53: 110.04071 | BJ53: 110.13773 | BK53: 110.35676 | BL53: 110.39334 | BM53: 108.96516 | BN53: 108.43263 | BO53: 107.98158 | BP53: 107.49719 | BQ53: 108.53491 | BR53: 109.53952 | BS53: 109.80459 | BT53: 109.2924 | BU53: 109.0709 | BV53: 109.37426 | BW53: 109.44685 | BX53: 108.95398 | BY53: 108.62802 | BZ53: 108.46998 | CA53: 109.16887 | CB53: 109.20757 | CC53: 109.88465 | CD53: 110.06439 | CE53: 110.90195 | CF53: 111.19384 | CG53: 110.83581 | CH53: 110.36224 | CI53: 110.89079 | CJ53: 110.21302 | CK53: 110.72008 | CL53: 110.16391 | CM53: 110.3561 | CN53: 110.39828 | CO53: 111.59209 | CP53: 112.45145 | CQ53: 112.82549 | CR53: 112.47747 | CS53: 113.26666 | CT53: 112.72033 | CU53: 111.93181 | CV53: 112.52325 | CW53: 112.26041 | CX53: 111.68037 | CY53: 112.22349 | CZ53: 112.7478 | DA53: 112.6418 | DB53: 113.72619 | DC53: 113.90437 | DD53: 114.32821 | DE53: 115.18704 | DF53: 115.51941 | DG53: 115.30103 | DH53: 115.8436 | DI53: 115.57783 | DJ53: 115.6 | DK53: 116.10083 | DL53: 116.05302 | DM53: 115.93174 | DN53: 117.15522 | DO53: 117.1205 | DP53: 117.23775 | DQ53: 117.11098 | DR53: 117.22177 | DS53: 117.53662 | DT53: 116.79889 | DU53: 117.15189 | DV53: 116.96999 | DW53: 117.67542 | DX53: 118.55942 | DY53: 118.94063 | DZ53: 120.03648 | EA53: 119.80141 | EB53: 120.02825 | EC53: 119.87649 | ED53: 120.05458 | EE53: 121.53126 | EF53: 122.77887 | EG53: 123.03681 | EH53: 122.84177 | EI53: 123.4552 | EJ53: 124.44486 | EK53: 125.16719 | EL53: 126.16829 | EM53: 127.2359 | EN53: 126.77159 | EO53: 127.62985 | EP53: 127.66209 | EQ53: 127.9247 | ER53: 104.5 | ES53: 104.9 | ET53: 105.5 | EU53: 105.6 | EV53: 105.8 | EW53: 107 | EX53: 108.3 | EY53: 108.1 | EZ53: 108.5 | FA53: 108.5 | FB53: 109.3 | FC53: 108.7 | FD53: 107.9 | FE53: 108.6 | FF53: 108.6 | FG53: 109.1 | FH53: 109.4 | FI53: 110.1 | FJ53: 110.4 | FK53: 110.6 | FL53: 111 | FM53: 111.9 | FN53: 112 | FO53: 113.1 | FP53: 112.4 | FQ53: 112.2 | FR53: 112.3
B54: Ebolowa | P54: 100.08954 | Q54: 100.15769 | R54: 102.47153 | S54: 102.96096 | T54: 102.82288 | U54: 101.95109 | V54: 100.91816 | W54: 102.89876 | X54: 104.87284 | Y54: 104.85958 | Z54: 104.7864 | AA54: 105.01354 | AB54: 105.22836 | AC54: 106.44036 | AD54: 107.13087 | AE54: 104.91219 | AF54: 105.88156 | AG54: 105.86518 | AH54: 105.35079 | AI54: 105.87823 | AJ54: 106.92965 | AK54: 107.06625 | AL54: 105.79067 | AM54: 105.54256 | AN54: 105.84886 | AO54: 106.16166 | AP54: 105.74301 | AQ54: 106.88576 | AR54: 105.39401 | AS54: 107.39224 | AT54: 108.17438 | AU54: 108.06434 | AV54: 109.497 | AW54: 108.88855 | AX54: 109.83653 | AY54: 111.15507 | AZ54: 109.64367 | BA54: 110.6073 | BB54: 111.0975 | BC54: 112.38201 | BD54: 111.87595 | BE54: 110.87758 | BF54: 110.85838 | BG54: 112.23803 | BH54: 112.68598 | BI54: 112.12254 | BJ54: 111.24531 | BK54: 112.26897 | BL54: 112.26124 | BM54: 111.47297 | BN54: 112.1569 | BO54: 111.31596 | BP54: 112.81203 | BQ54: 112.86501 | BR54: 112.53475 | BS54: 112.19569 | BT54: 112.67338 | BU54: 112.3476 | BV54: 112.73765 | BW54: 112.59 | BX54: 112.8709 | BY54: 113.4039 | BZ54: 113.21787 | CA54: 113.14217 | CB54: 113.22882 | CC54: 112.9665 | CD54: 112.63376 | CE54: 113.52536 | CF54: 114.13586 | CG54: 113.01421 | CH54: 113.37464 | CI54: 113.9524 | CJ54: 113.31109 | CK54: 113.9965 | CL54: 113.47036 | CM54: 113.17503 | CN54: 114.18806 | CO54: 113.26826 | CP54: 114.49242 | CQ54: 113.24503 | CR54: 113.1339 | CS54: 113.99264 | CT54: 114.62263 | CU54: 115.16519 | CV54: 116.06146 | CW54: 116.63666 | CX54: 117.46028 | CY54: 117.0456 | CZ54: 117.12397 | DA54: 115.97595 | DB54: 116.44954 | DC54: 116.41151 | DD54: 116.27555 | DE54: 117.59477 | DF54: 117.32713 | DG54: 116.53394 | DH54: 115.95877 | DI54: 116.39033 | DJ54: 117.59088 | DK54: 117.85802 | DL54: 116.54343 | DM54: 116.79506 | DN54: 117.52101 | DO54: 118.64086 | DP54: 117.59059 | DQ54: 118.37879 | DR54: 119.12088 | DS54: 119.1061 | DT54: 119.56185 | DU54: 119.74645 | DV54: 120.15923 | DW54: 122.13793 | DX54: 122.13793 | DY54: 123.01968 | DZ54: 123.08404 | EA54: 122.79032 | EB54: 122.84203 | EC54: 122.15522 | ED54: 122.6169 | EE54: 123.65668 | EF54: 126.33497 | EG54: 125.9319 | EH54: 128.31436 | EI54: 127.84731 | EJ54: 127.87028 | EK54: 126.98243 | EL54: 127.09768 | EM54: 128.31452 | EN54: 129.19436 | EO54: 130.60954 | EP54: 134.25324 | EQ54: 134.28304 | ER54: 103.3 | ES54: 105.4 | ET54: 106.6 | EU54: 106.5 | EV54: 106.8 | EW54: 107.7 | EX54: 108.1 | EY54: 108.4 | EZ54: 108.3 | FA54: 108.7 | FB54: 108.3 | FC54: 109.2 | FD54: 109.1 | FE54: 109.8 | FF54: 111 | FG54: 111.2 | FH54: 112.4 | FI54: 112.4 | FJ54: 112.4 | FK54: 112.7 | FL54: 113.9 | FM54: 113.9 | FN54: 114.1 | FO54: 114.8 | FP54: 115.1 | FQ54: 114.3 | FR54: 114.6
B55: Ngaoundéré | P55: 100.71871 | Q55: 100.93158 | R55: 102.00556 | S55: 102.71415 | T55: 101.80214 | U55: 103.83467 | V55: 103.87192 | W55: 104.4111 | X55: 103.04507 | Y55: 103.45597 | Z55: 102.32419 | AA55: 102.66574 | AB55: 102.26151 | AC55: 102.27411 | AD55: 103.16411 | AE55: 102.86247 | AF55: 103.51514 | AG55: 103.59988 | AH55: 104.27336 | AI55: 103.9618 | AJ55: 104.37865 | AK55: 105.10289 | AL55: 104.64749 | AM55: 103.76076 | AN55: 103.83839 | AO55: 104.12639 | AP55: 104.69073 | AQ55: 104.42048 | AR55: 104.76388 | AS55: 104.97737 | AT55: 106.91477 | AU55: 108.06643 | AV55: 105.81111 | AW55: 106.22251 | AX55: 105.63349 | AY55: 105.83149 | AZ55: 105.1536 | BA55: 104.69858 | BB55: 104.79034 | BC55: 105.47456 | BD55: 105.83688 | BE55: 106.67305 | BF55: 108.11249 | BG55: 108.35614 | BH55: 108.3514 | BI55: 107.76154 | BJ55: 107.81979 | BK55: 107.50499 | BL55: 107.17337 | BM55: 107.26107 | BN55: 107.73823 | BO55: 108.28864 | BP55: 108.56735 | BQ55: 108.22166 | BR55: 107.98118 | BS55: 108.13833 | BT55: 109.14185 | BU55: 109.18543 | BV55: 107.45147 | BW55: 108.96778 | BX55: 108.26606 | BY55: 108.09154 | BZ55: 107.79606 | CA55: 108.21597 | CB55: 108.36908 | CC55: 108.43532 | CD55: 109.06693 | CE55: 108.82334 | CF55: 108.72372 | CG55: 108.98143 | CH55: 108.82813 | CI55: 109.10989 | CJ55: 109.21778 | CK55: 108.97653 | CL55: 109.49712 | CM55: 109.94639 | CN55: 109.76491 | CO55: 109.84409 | CP55: 109.83538 | CQ55: 110.50022 | CR55: 110.18866 | CS55: 110.66633 | CT55: 110.43893 | CU55: 110.73286 | CV55: 111.24544 | CW55: 112.08772 | CX55: 111.9359 | CY55: 112.04797 | CZ55: 112.09128 | DA55: 112.02887 | DB55: 112.94912 | DC55: 112.4236 | DD55: 112.84115 | DE55: 113.31871 | DF55: 113.57617 | DG55: 113.29071 | DH55: 113.35106 | DI55: 113.42988 | DJ55: 113.54628 | DK55: 114.0831 | DL55: 114.42327 | DM55: 115.12879 | DN55: 115.92649 | DO55: 116.30297 | DP55: 115.83835 | DQ55: 116.21265 | DR55: 116.2388 | DS55: 116.15237 | DT55: 115.57597 | DU55: 115.79375 | DV55: 115.74227 | DW55: 116.03894 | DX55: 116.89376 | DY55: 116.35016 | DZ55: 116.00352 | EA55: 115.91994 | EB55: 115.92232 | EC55: 115.98459 | ED55: 116.44157 | EE55: 117.68525 | EF55: 119.06351 | EG55: 121.91225 | EH55: 123.4922 | EI55: 124.12782 | EJ55: 125.25999 | EK55: 124.97485 | EL55: 125.04889 | EM55: 126.24598 | EN55: 126.62824 | EO55: 126.56928 | EP55: 126.97225 | EQ55: 126.74467 | ER55: 102 | ES55: 105.2 | ET55: 105.8 | EU55: 106 | EV55: 107.5 | EW55: 109.1 | EX55: 110.4 | EY55: 110.9 | EZ55: 110.7 | FA55: 110.3 | FB55: 110.9 | FC55: 111.5 | FD55: 110.2 | FE55: 111.2 | FF55: 111.3 | FG55: 111.6 | FH55: 111 | FI55: 110.9 | FJ55: 112.4 | FK55: 113 | FL55: 112.6 | FM55: 113.3 | FN55: 113.3 | FO55: 115.3 | FP55: 115.4 | FQ55: 115.9 | FR55: 116.2
B56: Bertoua | P56: 100.17428 | Q56: 101.33672 | R56: 101.95659 | S56: 102.67989 | T56: 102.8786 | U56: 102.93284 | V56: 103.0429 | W56: 104.14301 | X56: 103.48028 | Y56: 104.36092 | Z56: 103.88951 | AA56: 103.21997 | AB56: 102.71734 | AC56: 102.76061 | AD56: 104.25384 | AE56: 104.65748 | AF56: 102.29687 | AG56: 102.02605 | AH56: 103.87115 | AI56: 104.29782 | AJ56: 103.29075 | AK56: 106.70533 | AL56: 106.58562 | AM56: 106.32119 | AN56: 104.74307 | AO56: 104.15151 | AP56: 106.30453 | AQ56: 105.22221 | AR56: 105.69227 | AS56: 105.58075 | AT56: 108.71652 | AU56: 108.95933 | AV56: 108.64659 | AW56: 107.90832 | AX56: 107.72514 | AY56: 107.95844 | AZ56: 109.04606 | BA56: 108.13241 | BB56: 109.44901 | BC56: 110.05041 | BD56: 109.88318 | BE56: 111.23148 | BF56: 111.24969 | BG56: 108.69664 | BH56: 108.58818 | BI56: 108.17673 | BJ56: 107.95576 | BK56: 108.80987 | BL56: 107.54934 | BM56: 108.84541 | BN56: 108.69802 | BO56: 109.66038 | BP56: 110.23901 | BQ56: 109.98477 | BR56: 110.56911 | BS56: 111.17618 | BT56: 110.44512 | BU56: 109.52831 | BV56: 108.75341 | BW56: 110.34725 | BX56: 109.44514 | BY56: 110.01296 | BZ56: 111.34691 | CA56: 112.40833 | CB56: 112.07153 | CC56: 112.74538 | CD56: 112.87945 | CE56: 113.54004 | CF56: 114.72806 | CG56: 113.74693 | CH56: 113.75403 | CI56: 113.82646 | CJ56: 115.79854 | CK56: 114.95585 | CL56: 115.06925 | CM56: 115.29206 | CN56: 115.27052 | CO56: 115.39479 | CP56: 114.59453 | CQ56: 115.42346 | CR56: 115.3842 | CS56: 116.73081 | CT56: 116.7654 | CU56: 117.45192 | CV56: 117.57727 | CW56: 117.36271 | CX56: 117.64696 | CY56: 118.50427 | CZ56: 117.64387 | DA56: 117.47101 | DB56: 117.55116 | DC56: 117.90241 | DD56: 117.89145 | DE56: 118.17639 | DF56: 118.78401 | DG56: 119.27478 | DH56: 119.21436 | DI56: 118.59935 | DJ56: 118.96 | DK56: 119.43558 | DL56: 121.91568 | DM56: 120.96205 | DN56: 123.92646 | DO56: 123.69501 | DP56: 124.22502 | DQ56: 124.91324 | DR56: 125.75618 | DS56: 125.67734 | DT56: 125.00893 | DU56: 125.44283 | DV56: 125.54986 | DW56: 127.53981 | DX56: 128.52745 | DY56: 128.20635 | DZ56: 130.50822 | EA56: 128.12592 | EB56: 128.1504 | EC56: 127.72501 | ED56: 128.1583 | EE56: 128.45597 | EF56: 128.53302 | EG56: 129.76738 | EH56: 130.43792 | EI56: 130.14173 | EJ56: 130.99445 | EK56: 131.09426 | EL56: 132.74305 | EM56: 135.65589 | EN56: 138.14658 | EO56: 140.60765 | EP56: 143.19854 | EQ56: 144.41463 | ER56: 102.7 | ES56: 104.7 | ET56: 106.7 | EU56: 108.6 | EV56: 108.2 | EW56: 108.6 | EX56: 109 | EY56: 110.3 | EZ56: 109 | FA56: 109.4 | FB56: 109.1 | FC56: 109.4 | FD56: 109.9 | FE56: 112 | FF56: 112.8 | FG56: 112.5 | FH56: 111.1 | FI56: 111.5 | FJ56: 110.9 | FK56: 111.9 | FL56: 112.6 | FM56: 112.4 | FN56: 113.4 | FO56: 113.9 | FP56: 113.7 | FQ56: 113.2 | FR56: 112.7
B57: Bamenda | P57: 100.96455 | Q57: 101.08995 | R57: 100.88488 | S57: 101.87682 | T57: 102.83848 | U57: 102.33351 | V57: 101.96732 | W57: 103.37932 | X57: 104.21271 | Y57: 104.4636 | Z57: 105.00509 | AA57: 106.28365 | AB57: 105.42796 | AC57: 105.47993 | AD57: 105.37904 | AE57: 104.96528 | AF57: 105.90843 | AG57: 105.36242 | AH57: 105.41099 | AI57: 105.66164 | AJ57: 105.93675 | AK57: 106.27448 | AL57: 106.07617 | AM57: 106.31951 | AN57: 105.81399 | AO57: 105.6842 | AP57: 105.52128 | AQ57: 105.0813 | AR57: 105.11564 | AS57: 104.12327 | AT57: 106.67117 | AU57: 107.11079 | AV57: 107.04202 | AW57: 107.24634 | AX57: 107.71959 | AY57: 107.96613 | AZ57: 106.37332 | BA57: 107.06874 | BB57: 107.23091 | BC57: 108.92521 | BD57: 107.94781 | BE57: 109.5873 | BF57: 110.24871 | BG57: 109.6942 | BH57: 112.26922 | BI57: 110.82068 | BJ57: 111.04197 | BK57: 111.41858 | BL57: 109.83582 | BM57: 108.92165 | BN57: 110.43244 | BO57: 109.80538 | BP57: 111.09754 | BQ57: 110.77958 | BR57: 110.31462 | BS57: 110.90507 | BT57: 110.47283 | BU57: 110.56386 | BV57: 110.28621 | BW57: 110.1718 | BX57: 109.9608 | BY57: 110.26409 | BZ57: 109.8818 | CA57: 110.07556 | CB57: 109.97632 | CC57: 109.91927 | CD57: 110.49163 | CE57: 111.51495 | CF57: 111.65019 | CG57: 111.37269 | CH57: 110.75159 | CI57: 110.48508 | CJ57: 110.0833 | CK57: 110.30004 | CL57: 110.55506 | CM57: 110.46809 | CN57: 110.31637 | CO57: 110.32046 | CP57: 110.69727 | CQ57: 111.27555 | CR57: 112.51511 | CS57: 114.42522 | CT57: 113.75775 | CU57: 115.76136 | CV57: 115.3123 | CW57: 115.49005 | CX57: 116.05155 | CY57: 116.51037 | CZ57: 117.04135 | DA57: 117.2 | DB57: 117.10834 | DC57: 117.42914 | DD57: 117.41304 | DE57: 117.98212 | DF57: 118.18648 | DG57: 118.6675 | DH57: 118.83427 | DI57: 119.1258 | DJ57: 118.97813 | DK57: 119.51734 | DL57: 118.76695 | DM57: 118.96947 | DN57: 119.27231 | DO57: 119.17739 | DP57: 120.12239 | DQ57: 120.74738 | DR57: 120.43254 | DS57: 121.39259 | DT57: 122.60003 | DU57: 122.26953 | DV57: 122.18511 | DW57: 123.34617 | DX57: 123.57395 | DY57: 124.07499 | DZ57: 123.64528 | EA57: 123.85274 | EB57: 123.81586 | EC57: 125.69155 | ED57: 126.31214 | EE57: 128.22069 | EF57: 129.89108 | EG57: 128.70485 | EH57: 128.5048 | EI57: 131.07904 | EJ57: 131.51638 | EK57: 131.55063 | EL57: 133.36344 | EM57: 133.28204 | EN57: 134.83055 | EO57: 136.27828 | EP57: 135.7846 | EQ57: 135.75322 | ER57: 103.5 | ES57: 104.8 | ET57: 105.6 | EU57: 105.8 | EV57: 105.9 | EW57: 105.8 | EX57: 106.3 | EY57: 106.5 | EZ57: 106.8 | FA57: 106.7 | FB57: 106.7 | FC57: 107.1 | FD57: 106.6 | FE57: 107.7 | FF57: 108.2 | FG57: 108.2 | FH57: 107.9 | FI57: 108.5 | FJ57: 110 | FK57: 110.4 | FL57: 111.4 | FM57: 111.7 | FN57: 112.3 | FO57: 112.8 | FP57: 112.9 | FQ57: 113.1 | FR57: 113.6
B58: Indice général national | C58: 10000 | D58: 99.204443 | E58: 99.204443 | F58: 98.844191 | G58: 98.709096 | H58: 99.11438 | I58: 99.609727 | J58: 100.06004 | K58: 100.42029 | L58: 100.96067 | M58: 101.09577 | N58: 101.18583 | O58: 101.59111 | P58: =P19 -> 79.02388 | Q58: =Q19 -> 78.967071 | R58: =R19 -> 79.278134 | S58: =S19 -> 79.525025 | T58: =T19 -> 79.851858 | U58: =U19 -> 79.904067 | V58: =V19 -> 80.180041 | W58: =W19 -> 80.547843 | ... EG58: =EG19 -> 96.979088 | EH58: =ET19 -> 105.84497 | EI58: =EI19 -> 98.655089 | EJ58: =EJ19 -> 99.276879 | EK58: =EK19 -> 99.640201 | EL58: =EL19 -> 100.33736 | EM58: =EM19 -> 101.17588 | EN58: =EN19 -> 101.81728 | EO58: =EO19 -> 102.15679 | EP58: =EP19 -> 102.71654 | ... FL58: =FL19 -> 113.64635 | FM58: 113.9311 | FN58: 113.99542 | FO58: 114.70828 | FP58: =+FP19 -> 114.5 | FQ58: =+FQ19 -> 114.6 | FR58: =+FR19 -> 115
B61: IPC DES PARTENAIRES
C63: Base 100 | D63: 40544 | E63: 40575 | F63: 40603 | G63: 40634 | H63: 40664 | I63: 40695 | J63: 40725 | K63: 40756 | L63: 40787 | M63: 40817 | N63: 40848 | O63: 40878 | P63: 40909 | Q63: 40940 | R63: 40969 | S63: 41000 | T63: 41030 | U63: 41061 | V63: 41091 | W63: 41122 | X63: 41153 | Y63: 41183 | Z63: 41214 | AA63: 41244 | AB63: 41275 | AC63: 41306 | AD63: 41334 | AE63: 41365 | AF63: 41395 | AG63: 41426 | AH63: 41456 | AI63: 41487 | AJ63: 41518 | AK63: 41548 | AL63: 41579 | AM63: 41609 | AN63: 41640 | AO63: 41671 | AP63: 41699 | AQ63: 41730 | AR63: 41760 | AS63: 41791 | AT63: 41821 | AU63: 41852 | AV63: 41883 | AW63: 41913 | AX63: 41944 | AY63: 41974 | AZ63: 42005 | BA63: 42036 | BB63: 42064 | BC63: 42095 | BD63: 42125 | BE63: 42156 | BF63: 42186 | BG63: 42217 | BH63: 42248 | BI63: 42278 | BJ63: 42309 | BK63: 42339 | BL63: 42370 | BM63: 42401 | BN63: 42430 | BO63: 42461 | BP63: 42491 | BQ63: 42522 | BR63: 42552 | BS63: 42583 | BT63: 42614 | BU63: 42644 | BV63: 42675 | BW63: 42705 | BX63: 42736 | BY63: 42767 | BZ63: 42795 | CA63: 42826 | CB63: 42856 | CC63: 42887 | CD63: 42917 | CE63: 42948 | CF63: 42979 | CG63: 43009 | CH63: 43040 | CI63: 43070 | CJ63: 43101 | CK63: 43132 | CL63: 43160 | CM63: 43191 | CN63: 43221 | CO63: 43252 | CP63: 43282 | CQ63: 43313 | CR63: 43344 | CS63: 43374 | CT63: 43405 | CU63: 43435 | CV63: 43466 | CW63: 43497 | CX63: 43525 | CY63: 43556 | CZ63: 43586 | DA63: 43617 | DB63: 43647 | DC63: 43678 | DD63: 43709 | DE63: 43739 | DF63: 43770 | DG63: 43800 | DH63: 43831 | DI63: 43862 | DJ63: 43891 | DK63: 43922 | DL63: 43952 | DM63: 43983 | DN63: 44013 | DO63: 44044 | DP63: 44075 | DQ63: 44105 | DR63: 44136 | DS63: 44166 | DT63: 44197 | DU63: 44228 | DV63: 44256 | DW63: 44287 | DX63: 44317 | DY63: 44348 | DZ63: 44378 | EA63: 44409 | EB63: 44440 | EC63: 44470 | ED63: 44501 | EE63: 44531 | EF63: 44562 | EG63: 44593 | EH63: 44621 | EI63: 44652 | EJ63: 44682 | EK63: 44713 | EL63: 44743 | EM63: 44774 | EN63: 44805 | EO63: 44835 | EP63: 44866 | EQ63: 44896 | ER63: 44927 | ES63: 44958 | ET63: 44986 | EU63: 45017 | EV63: 45047 | EW63: 45078 | EX63: 45108 | EY63: 45139 | EZ63: 45170 | FA63: 45200 | FB63: 45231 | FC63: 45261 | FD63: 45292 | FE63: 45323 | FF63: 45352 | FG63: 45383 | FH63: 45413 | FI63: 45444 | FJ63: 45474 | FK63: 45505 | FL63: 45536 | FM63: 45566 | FN63: 45597 | FO63: 45627 | FP63: 45658 | FQ63: 45689 | FR63: 45717 | FS63: 45748 | FT63: 45778
B64: République Centrafricaine | C64: Général Base 2008 et base 2019 à partir de janvier 2021 | CJ64: 96.264548 | CK64: 96.102035 | CL64: 96.316101 | CM64: 96.738068 | CN64: 97.373817 | CO64: 96.258382 | CP64: 96.42028 | CQ64: 97.160278 | CR64: 96.967065 | CS64: 97.835481 | CT64: 99.236484 | CU64: 101.9457 | CV64: 100.84921 | CW64: 101.17548 | CX64: 100.74216 | CY64: 101.56838 | CZ64: 99.854992 | DA64: 99.756435 | DB64: 99.864226 | DC64: 99.801569 | DD64: 99.385141 | DE64: 98.896382 | DF64: 99.017798 | DG64: 99.088222 | DH64: 99.956032 | DI64: 100.3239 | DJ64: 101.18301 | DK64: 101.82174 | DL64: 104.4456 | DM64: 104.718 | DN64: 103.11931 | DO64: 102.51479 | DP64: 101.31626 | DQ64: 101.85274 | DR64: 102.57315 | DS64: 103.82177 | DT64: 104.12303 | DU64: 105.19854 | DV64: 105.72923 | DW64: 106.12091 | DX64: 107.04886 | DY64: 107.36574 | DZ64: 105.53784 | EA64: 104.27682 | EB64: 104.9814 | EC64: 103.19727 | ED64: 104.17512 | EE64: 104.37824 | EF64: 104.36732 | EG64: 107.62862 | EH64: 109.31358 | EI64: 117.81932 | EJ64: 111.83895 | EK64: 111.65928 | EL64: 112.10712 | EM64: 111.66749 | EN64: 110.59018 | EO64: 111.0889 | EP64: 112.17742 | EQ64: 112.29442 | ER64: 115.1729 | ES64: 116.38282 | ET64: 115.0603 | EU64: 113.91679 | EV64: 115.01279 | EW64: 114.39185 | EX64: 114.35837 | EY64: 112.84874 | EZ64: 112.4191 | FA64: 114.52808 | FB64: 113.32247 | FC64: 114.9 | FD64: 116.32702 | FE64: 115.11022 | FF64: 115.14297 | FG64: 115.53243 | FH64: 115.48939 | FI64: 115.56745 | FJ64: 116.11999 | FK64: 115.06634 | FL64: 114.38293 | FM64: 115.89854 | FN64: 118.27652 | FO64: 119.69841 | FP64: 120.13611 | FQ64: 118.25811 | FR64: 117.16552 | FS64: 116.79274 | FT64: 118.0086
B65: Congo | C65: Base 2005/raccordé à 2018 | CJ65: 99.767034 | CK65: 99.687248 | CL65: 99.744766 | CM65: 99.799685 | CN65: 99.849752 | CO65: 99.847061 | CP65: 100.10052 | CQ65: 100.15434 | CR65: 100.04356 | CS65: 100.24493 | CT65: 100.29822 | CU65: 100.46288 | CV65: 100.57496 | CW65: 100.78289 | CX65: 100.83767 | CY65: 100.99198 | CZ65: 101.18214 | DA65: 101.43571 | DB65: 101.58813 | DC65: 101.65237 | DD65: 101.70334 | DE65: 102.05864 | DF65: 102.43489 | DG65: 103.40482 | DH65: 101 | DI65: 101.3 | DJ65: 101.7 | DK65: 103.8 | DL65: 103.3 | DM65: 101.6 | DN65: 101.4 | DO65: 101 | DP65: 101 | DQ65: 100.7 | DR65: 102 | DS65: 102.5 | DT65: 103.3 | DU65: 104.2 | DV65: 103 | DW65: 103.6 | DX65: 103.8 | DY65: 104.3 | DZ65: 104.3 | EA65: 103.7 | EB65: 103.5 | EC65: 103.7 | ED65: 103.9 | EE65: 104 | EF65: 105.04809 | EG65: 106.06258 | EH65: 107.06739 | EI65: 106.60996 | EJ65: 107.4 | EK65: 107.8 | EL65: 107.08064 | EM65: 107.68591 | EN65: 106.60248 | EO65: 107.07061 | EP65: 107.34569 | EQ65: 107.38476 | ER65: 108.47879 | ES65: 109.65877 | ET65: 110.15119 | EU65: 110.79655 | EV65: 111.11381 | EW65: 112.17513 | EX65: 112.61384 | EY65: 112.7328 | EZ65: 112.32822 | FA65: 112.12997 | FB65: 112.76622 | FC65: 113.4 | FD65: 112.21833 | FE65: 111.69332 | FF65: 112.30311 | FG65: 113.36102 | FH65: 115.09471 | FI65: 116.20783 | FJ65: 116.73888 | FK65: 115.93221 | FL65: 115.1482 | FM65: 114.46743 | FN65: 115.63667 | FO65: 120.59252 | FP65: 118.82642 | FQ65: 118.56139 | FR65: 119.69241 | FS65: 119.55303 | FT65: 119.85705
B66: Gabon | C66: Base 2018 | CJ66: 96.239603 | CK66: 97.637281 | CL66: 97.932057 | CM66: 99.011477 | CN66: 99.648469 | CO66: 100.73306 | CP66: 100.84027 | CQ66: 101.06287 | CR66: 101.31657 | CS66: 101.77306 | CT66: 102.03154 | CU66: 101.6866 | CV66: 100.05877 | CW66: 100.00689 | CX66: 100.19215 | CY66: 100.35163 | CZ66: 100.86591 | DA66: 101.35149 | DB66: 101.04324 | DC66: 100.79399 | DD66: 100.71049 | DE66: 100.82869 | DF66: 100.77851 | DG66: 101.13306 | DH66: 101 | DI66: 101.1 | DJ66: 101 | DK66: 101.4983 | DL66: 102 | DM66: 102.3 | DN66: 102.7 | DO66: 102.6 | DP66: 102.8 | DQ66: 102.7 | DR66: 102.7 | DS66: 102.68 | DT66: 102.6 | DU66: 102.8 | DV66: 102.7 | DW66: 102.77 | DX66: 102.97 | DY66: 102.9 | DZ66: 103.2 | EA66: 103.4 | EB66: 103.4 | EC66: 103.5 | ED66: 104 | EE66: 104.4 | EF66: 104.548 | EG66: 105.216 | EH66: 105.7 | EI66: 105.84 | EJ66: 106.35 | EK66: 107.38 | EL66: 108.41 | EM66: 109.04 | EN66: 109.43 | EO66: 109.43 | EP66: 109.77 | EQ66: 110.02 | ER66: 109.96 | ES66: 110.19 | ET66: 110.48 | EU66: 110.76 | EV66: 111.27 | EW66: 111.55626 | EX66: 111.89239 | EY66: 112.1592 | EZ66: 112.37434 | FA66: 112.36707 | FB66: 112.26079 | FC66: 112.45419 | FD66: 112.44562 | FE66: 112.4208 | FF66: 112.56599 | FG66: 112.65908 | FH66: 112.70835 | FI66: 112.63188 | FJ66: 112.63188 | FK66: 112.7 | FL66: 112.8 | FM66: 113.1 | FN66: 113.5 | FO66: 113.5 | FP66: 113.6 | FQ66: 114.1161 | FR66: 114.3 | FS66: 114.37047 | FT66: 114.6307
B67: Guinée Equatoriale | C67: Base 2008 | CJ67: 134.82 | CK67: 134.32 | CL67: 133.95 | CM67: 136.16 | CN67: 136.87 | CO67: 137.18 | CP67: 137.7 | CQ67: 137.2 | CR67: 137.7 | CS67: 138.37 | CT67: 138.36 | CU67: 138.28 | CV67: 137.7 | CW67: 138 | CX67: 137.8 | CY67: 136.6 | CZ67: 136.8 | DA67: 136.3 | DB67: 135.8 | DC67: 136.6 | DD67: 136.7 | DE67: 141.61146 | DF67: 142.9188 | DG67: 143.95858 | DH67: 144.93 | DI67: 145.14 | DJ67: 145.38 | DK67: 145.12 | DL67: 146.27 | DM67: 146.6 | DN67: 145.67 | DO67: 145.21 | DP67: 144.85 | DQ67: 144.03 | DR67: 144.03 | DS67: 143.28 | DT67: 143.9 | DU67: 143.31 | DV67: 143.14 | DW67: 143.38 | DX67: 144.29 | DY67: 143.66 | DZ67: 145.03 | EA67: 145.22 | EB67: 145.76 | EC67: 146.7 | ED67: 147 | EE67: 147.4 | EF67: 148.13 | EG67: 148.16 | EH67: 148.77 | EI67: 149.85 | EJ67: 151.74 | EK67: 152.43 | EL67: 153.14 | EM67: 154.04 | EN67: 154.19908 | EO67: 154.1 | EP67: 154.86 | EQ67: 154.78 | ER67: 154.65 | ES67: 154.48 | ET67: 155.14 | EU67: 154.49 | EV67: 154.4 | EW67: 153.07 | EX67: 155.47499 | EY67: 156.16744 | EZ67: 156.86314 | FA67: 157.55325 | FB67: 157.57247 | FC67: 158.06968 | FD67: 158.17024 | FE67: 158.90742 | FF67: 159.2 | FG67: 159.6583 | FH67: 159.97305 | FI67: 160.16131 | FJ67: 160.80385 | FK67: 161.57317 | FL67: 161.82735 | FM67: 163.4027 | FN67: 163.46027 | FO67: 163.50361 | FP67: 162.59231 | FQ67: 162.9721 | FR67: 164.96796 | FS67: 164.51 | FT67: 164.18758
B68: Tchad | C68: Base 2014 | CJ68: 94.795465 | CK68: 94.205578 | CL68: 93.503574 | CM68: 95.456126 | CN68: 102.25258 | CO68: 101.85162 | CP68: 101.2612 | CQ68: 99.82524 | CR68: 101.33326 | CS68: 100.98418 | CT68: 100.61216 | CU68: 99.629276 | CV68: 97.178359 | CW68: 97.20958 | CX68: 96.011332 | CY68: 96.323301 | CZ68: 98.899413 | DA68: 100.45774 | DB68: 98.397456 | DC68: 97.769828 | DD68: 98.447776 | DE68: 97.717214 | DF68: 97.840985 | DG68: 97.949142 | DH68: 91.423575 | DI68: 93.431812 | DJ68: 93.621439 | DK68: 95.378282 | DL68: 95.349206 | DM68: 96.364572 | DN68: 96.514087 | DO68: 98.878635 | DP68: 96.494658 | DQ68: 96.027094 | DR68: 95.426339 | DS68: 94.04401 | DT68: 92.882741 | DU68: 92.921593 | DV68: 93.32263 | DW68: 93.568855 | DX68: 94.89092 | DY68: 95.778244 | DZ68: 95.827892 | EA68: 95.828199 | EB68: 95.633275 | EC68: 94.563635 | ED68: 93.705517 | EE68: 94.948661 | EF68: 94.740805 | EG68: 94.96679 | EH68: 96.547278 | EI68: 97.323554 | EJ68: 99.596289 | EK68: 100.83055 | EL68: 101.66485 | EM68: 103.22266 | EN68: 102.49704 | EO68: 102.44249 | EP68: 103.3134 | EQ68: 102.85429 | ER68: 102.79233 | ES68: 101.61145 | ET68: 101.92922 | EU68: 103.30958 | EV68: 102.10318 | EW68: 102.7221 | EX68: 103.63548 | EY68: 105.20248 | EZ68: 106.00004 | FA68: 106.70954 | FB68: 106.01106 | FC68: 107.28881 | FD68: 105.30531 | FE68: 106.08693 | FF68: 106.50145 | FG68: 106.55063 | FH68: 109.76591 | FI68: 111.29996 | FJ68: 114.21669 | FK68: 112.13981 | FL68: 113.48037 | FM68: 111.94631 | FN68: 112.02717 | FO68: 111.28007 | FP68: 107.50959 | FQ68: 106.67289 | FR68: 106.44488 | FS68: 106.01992 | FT68: 108.21936
B69: CEMAC | C69: Base 2019 | CJ69: 96.264548 | CK69: 96.102035 | CL69: 96.316101 | CM69: 96.738068 | CN69: 97.373817 | CO69: 96.258382 | CP69: 96.42028 | CQ69: 97.160278 | CR69: 96.967065 | CS69: 97.835481 | CT69: 99.236484 | CU69: 101.9457 | CV69: 100.84921 | CW69: 101.17548 | CX69: 100.74216 | CY69: 101.56838 | CZ69: 99.854992 | DA69: 99.756435 | DB69: 99.864226 | DC69: 99.801569 | DD69: 99.385141 | DE69: 98.896382 | DF69: 99.017798 | DG69: 99.088222 | DH69: 99.956032 | DI69: 100.3239 | DJ69: 101.18301 | DK69: 101.82174 | DL69: 104.4456 | DM69: 104.718 | DN69: 103.11931 | DO69: 102.51479 | DP69: 101.31626 | DQ69: 101.85274 | DR69: 102.57315 | DS69: 103.82177 | DT69: 104.12303 | DU69: 105.19854 | DV69: 105.72923 | DW69: 106.12091 | DX69: 107.04886 | DY69: 107.36574 | DZ69: 105.53784 | EA69: 104.27682 | EB69: 104.9814 | EC69: 103.19727 | ED69: 104.17512 | EE69: 104.37824 | EF69: 104.36732 | EG69: 107.62862 | EH69: 109.31358 | EI69: 117.81932 | EJ69: 111.83895 | EK69: 111.65928 | EL69: 112.10712 | EM69: 111.66749 | EN69: 110.59018 | EO69: 111.0889 | EP69: 112.17742 | EQ69: 112.29442 | ER69: 115.1729 | ES69: 116.38282 | ET69: 115.0603 | EU69: 113.91679 | EV69: 115.01279 | EW69: 114.39185 | EX69: 114.35837 | EY69: 112.84874 | EZ69: 112.4191 | FA69: 114.52808 | FB69: 113.32247 | FC69: 114.9 | FD69: 116.32702 | FE69: 115.11022 | FF69: 115.14297 | FG69: 115.53243 | FH69: 115.48939 | FI69: 115.56745 | FJ69: 116.11999 | FK69: 115.06634 | FL69: 114.38293 | FM69: 115.89854 | FN69: 118.27652 | FO69: 119.69841 | FP69: 120.13611 | FQ69: 118.25811 | FR69: 117.16552
A70: https://edenpub.bceao.int/rapportPredefini.php | B70: UEMOA | D70: 104.7 | E70: 104 | F70: 104.1 | G70: 105.1 | H70: 105.9 | I70: 105.9 | J70: 106 | K70: 106.1 | L70: 106 | M70: 105.8 | N70: 106.1 | O70: 106.7 | P70: 107.1 | Q70: 106.9 | R70: 106.9 | S70: 107.2 | T70: 107.7 | U70: 108 | V70: 108.4 | W70: 108.6 | X70: 109 | Y70: 109.3 | Z70: 109.5 | AA70: 109.7 | AB70: 109.5 | AC70: 109.5 | AD70: 109.3 | AE70: 109.7 | AF70: 109.8 | AG70: 109.9 | AH70: 110.3 | AI70: 110.3 | AJ70: 110.2 | AK70: 110.1 | AL70: =Z70*1.005 -> 110.0475 | AM70: =AA70*1 -> 109.7 | AN70: =AB70*1.001 -> 109.6095 | AO70: =AC70*(1-0.4%) -> 109.062 | AP70: =AD70*(1-0.3%) -> 108.9721 | AQ70: 109 | AR70: 109.7 | AS70: 109.9 | AT70: 110.2 | AU70: 110.1 | AV70: 109.73 | AW70: 110.18 | AX70: 110 | AY70: 109.8 | BL70: 100.86 | BM70: 100.53 | BN70: 100.65 | BO70: 101.44 | BP70: 102.26 | BQ70: 102.18 | BR70: 101.87 | BS70: 101.17 | BT70: 101.16 | BU70: 101.22 | BV70: 101.32 | BW70: 101.48 | BX70: 101.56 | BY70: 101.46 | BZ70: 101.73 | CA70: 101.79 | CB70: 102.27 | CC70: 102.8 | CD70: 103.13 | CE70: 102.56 | CF70: 102.99 | CG70: 103.15 | CH70: 102.8 | CI70: 102.83 | CJ70: 102.92 | CK70: 103.35 | CL70: 102.9 | CM70: 103.45 | CN70: 103.87 | CO70: 103.88 | CP70: 104.1 | CQ70: 104.06 | CR70: 104.12 | CS70: 103.93 | CT70: 103.71 | CU70: 103.7 | CV70: 102.73 | CW70: 102.4 | CX70: 102.35 | CY70: 102.5 | CZ70: 103.02 | DA70: 103.36 | DB70: 103.33 | DC70: 102.84 | DD70: 102.9 | DE70: 102.96 | DF70: 103.23 | DG70: 103.21 | DH70: 103.54 | DI70: 103.96 | DJ70: 103.71 | DK70: 104.09 | DL70: 104.9 | DM70: 105.26 | DN70: 105.92 | DO70: 106.2 | DP70: 105.93 | DQ70: 106.51 | DR70: 105.78 | DS70: 105.46 | DT70: 105.48 | DU70: 106.22 | DV70: 106.29 | DW70: 107.33 | DX70: 108.32 | DY70: 109.1 | DZ70: 109.68 | EA70: 109.91 | EB70: 110.53 | EC70: 110.6 | ED70: 111 | EE70: 111.8 | EF70: 112.3 | EG70: 112.7 | EH70: 113.3 | EI70: 114.6 | EJ70: 115.7 | EK70: 117.3 | EL70: 118.6 | EM70: 119.6 | EN70: 119.7 | EO70: 120 | EP70: 119.9 | EQ70: 119.6 | ER70: 119 | ES70: 119.1 | ET70: 119.8 | EU70: 119.8 | EV70: 120.2 | EW70: 121.5 | EX70: 122.6 | EY70: 122.67 | EZ70: 123.01 | FA70: 122.53 | FB70: 122.67 | FC70: 122.63 | FD70: 122.27 | FE70: 122.6 | FF70: 123.21 | FG70: 124.28 | FH70: 125.4 | FI70: 126.9 | FJ70: 128.01 | FK70: 128 | FL70: 127.5 | FM70: 126.7 | FN70: 125.79 | FO70: 125.87 | FP70: 103.3 | FQ70: 103.2
A71: Euro Area Consumer Price Index (CPI) | B71: Zone Euro | D71: 110.54 | E71: 111 | F71: 112.51 | G71: 113.13 | H71: 113.11 | I71: 113.09 | J71: 112.43 | K71: 112.65 | L71: 113.48 | M71: 113.87 | N71: 113.98 | O71: 114.35 | P71: 113.49 | Q71: 114.05 | R71: 115.53 | S71: 116.07 | T71: 115.91 | U71: 115.82 | V71: 115.21 | W71: 115.69 | X71: 116.5 | Y71: 116.77 | Z71: 116.54 | AA71: 116.95 | AB71: 115.73 | AC71: 116.16 | AD71: 117.53 | AE71: 117.47 | AF71: 117.6 | AG71: 117.73 | AH71: 117.1 | AI71: 117.25 | AJ71: 117.82 | AK71: 117.67 | AL71: 117.57 | AM71: 117.99 | AN71: 116.67 | AO71: 117.03 | AP71: 118.13 | AQ71: 118.31 | AR71: 118.18 | AS71: 118.31 | AT71: 117.54 | AU71: 117.68 | AV71: 118.19 | AW71: 118.12 | AX71: 117.91 | AY71: 117.79 | EK71: 177.01 | EL71: 117.14 | EM71: 117.85 | EN71: 119.26 | EO71: 121.03 | EP71: 120.95 | EQ71: 120.52 | ER71: 120.27 | ES71: 121.24 | ET71: 122.34 | EU71: 123.1 | EW71: 186.74555 | EX71: 123.34842 | EY71: 123.81 | EZ71: 124.28 | FA71: 124.6 | FB71: 123.8 | FC71: 124.5 | FD71: 123.6 | FE71: 124.6 | FF71: 125.3 | FG71: 126.04 | FH71: 126.3 | FI71: 126.5 | FJ71: 126.54 | FK71: 126.72 | FL71: 126.6 | FM71: 127.03 | FN71: 126.62 | FO71: 127.07 | FP71: 126.72 | FQ71: 127.26 | FR71: 128.04 | FS71: 128.77 | FT71: 128.73
A72: France Consumer Price Index (CPI) | B72: France | C72: Base 2015 | D72: 94.6 | E72: 95.07 | F72: 95.9 | G72: 96.24 | H72: 96.31 | I72: 96.39 | J72: 95.91 | K72: 96.46 | L72: 96.43 | M72: 96.69 | N72: 96.99 | O72: 97.41 | P72: 97.03 | Q72: 97.49 | R72: 98.39 | S72: 98.56 | T72: 98.51 | U72: 98.56 | V72: 98.05 | W72: 98.76 | X72: 98.51 | Y72: 98.71 | Z72: 98.54 | AA72: 98.9 | AB72: 98.34 | AC72: 98.65 | AD72: 99.46 | AE72: 99.35 | AF72: 99.39 | AG72: 99.57 | AH72: 99.22 | AI72: 99.72 | AJ72: 99.52 | AK72: 99.39 | AL72: 99.35 | AM72: 99.73 | AN72: 99.09 | AO72: 99.7 | AP72: 100.21 | AQ72: 100.18 | AR72: 100.21 | AS72: 100.16 | AT72: 99.78 | AU72: 100.26 | AV72: 99.89 | AW72: 99.92 | AX72: 99.75 | AY72: 99.82 | AZ72: 98.7 | BA72: 99.42 | BB72: 100.17 | BC72: 100.3 | BD72: 100.56 | BE72: 100.49 | BF72: 100 | BG72: 100.36 | BH72: 99.99 | BI72: 100.07 | BJ72: 99.86 | BK72: 100.09 | BL72: 99.02 | BM72: 99.31 | BN72: 100.09 | BO72: 100.18 | BP72: 100.65 | BQ72: 100.8 | BR72: 100.39 | BS72: 100.74 | BT72: 100.5 | BU72: 100.54 | BV72: 100.55 | BW72: 100.9 | BX72: 100.57 | BY72: 100.73 | BZ72: 101.47 | CA72: 101.57 | CB72: 101.59 | CC72: 101.58 | CD72: 101.17 | CE72: 101.74 | CF72: 101.58 | CG72: 101.7 | CH72: 101.8 | CI72: 102.16 | CJ72: 102.06 | CK72: 102.05 | CL72: 103.22 | CM72: 103.43 | CN72: 103.92 | CO72: 103.93 | CP72: 103.8 | CQ72: 104.35 | CR72: 104.12 | CS72: 104.24 | CT72: 104 | CU72: 104.1 | CV72: 103.52 | CW72: 103.64 | CX72: 104.55 | CY72: 104.93 | CZ72: 105.06 | DA72: 105.35 | DB72: 105.11 | DC72: 105.65 | DD72: 104.5 | DE72: 104.46 | DF72: 104.52 | DG72: 104.98 | DH72: 104.54 | DI72: 104.53 | DJ72: 104.59 | DK72: 104.56 | DL72: 104.71 | DM72: 104.79 | DN72: 105.19 | DO72: 105.09 | DP72: 104.55 | DQ72: 104.51 | DR72: 104.73 | DS72: 104.96 | DT72: 105.12 | DU72: 105.12 | DV72: 105.75 | DW72: 105.86 | DX72: 106.2 | DY72: 106.34 | DZ72: 106.4 | EA72: 107.05 | EB72: 106.81 | EC72: 107.25 | ED72: 107.64 | EE72: 107.85 | EF72: 108.12 | EG72: 108.94 | EH72: 110.49 | EI72: 110.97 | EJ72: 111.79 | EK72: 112.55 | EL72: 112.87 | EM72: 113.38 | EN72: 112.74 | EO72: 113.9 | EP72: 114.26 | EQ72: 114.16 | ER72: 114.6 | ES72: 115.78 | ET72: 116.79 | EU72: 117.5 | EV72: 117.44 | EW72: 117.65 | EX72: 117.71 | EY72: 118.32 | EZ72: 118.43 | FA72: 118.58 | FB72: 118.54 | FC72: 118.93 | FD72: 118.95 | FE72: 119.55 | FF72: 119.1 | FG72: 120.07 | FH72: 120.11 | FI72: 120.2 | FJ72: 120.42 | FK72: 121.06 | FL72: 119.56 | FM72: 119.89 | FN72: 119.81 | FO72: 119.95 | FP72: 120.14 | FQ72: 120.16 | FR72: 120.38 | FS72: 121.06 | FT72: 121.91
A73: United States Consumer Price Index (CPI) | B73: Etats-unis | C73: Base year is chained; 1982-1984 = 100. | D73: 220.223 | E73: 221.309 | F73: 223.467 | G73: 224.906 | H73: 225.964 | I73: 225.722 | J73: 225.922 | K73: 226.545 | L73: 226.889 | M73: 226.421 | N73: 226.421 | O73: 226.23 | P73: 226.665 | Q73: 227.663 | R73: 229.392 | S73: 230.085 | T73: 229.815 | U73: 229.478 | V73: 229.104 | W73: 230.379 | X73: 231.407 | Y73: 231.317 | Z73: 230.221 | AA73: 229.601 | AB73: 230.28 | AC73: 232.166 | AD73: 232.773 | AE73: 232.531 | AF73: 232.945 | AG73: 233.504 | AH73: 233.596 | AI73: 233.877 | AJ73: 234.149 | AK73: 233.546 | AL73: 233.069 | AM73: 233.049 | AN73: 233.916 | AO73: 234.781 | AP73: 236.293 | AQ73: 237.072 | AR73: 237.9 | AS73: 238.343 | AT73: 238.25 | AU73: 237.852 | AV73: 238.031 | AW73: 237.433 | AX73: 236.151 | AY73: 234.812 | AZ73: 233.707 | BA73: 234.722 | BB73: 236.119 | BC73: 236.599 | BD73: 237.805 | BE73: 238.638 | BF73: 238.654 | BG73: 238.316 | BH73: 237.945 | BI73: 237.838 | BJ73: 237.336 | BK73: 236.525 | BL73: 236.916 | BM73: 237.111 | BN73: 238.132 | BO73: 239.261 | BP73: 240.236 | BQ73: 241.038 | BR73: 240.647 | BS73: 240.853 | BT73: 241.428 | BU73: 241.729 | BV73: 241.353 | BW73: 241.432 | BX73: 242.839 | BY73: 243.603 | BZ73: 243.801 | CA73: 244.524 | CB73: 244.733 | CC73: 244.955 | CD73: 244.786 | CE73: 245.519 | CF73: 246.819 | CG73: 246.663 | CH73: 246.669 | CI73: 246.524 | CJ73: 247.867 | CK73: 248.991 | CL73: 249.554 | CM73: 250.546 | CN73: 251.588 | CO73: 251.989 | CP73: 252.006 | CQ73: 252.146 | CR73: 252.439 | CS73: 252.885 | CT73: 252.038 | CU73: 251.233 | CV73: 251.712 | CW73: 252.776 | CX73: 254.202 | CY73: 255.548 | CZ73: 256.092 | DA73: 256.143 | DB73: 256.571 | DW73: 267.05 | DX73: 269.2 | DY73: 271.7 | DZ73: 273 | EA73: 273.57 | EB73: 274.31 | EC73: 276.59 | ED73: 277.95 | EE73: 278.8 | EF73: 281.15 | EG73: 283.72 | EH73: 287.5 | EI73: 289.11 | EJ73: 292.3 | EK73: 296.31 | EL73: 296.28 | EM73: 296.17 | EN73: 296.81 | EO73: 298.01 | EP73: 297.71 | EQ73: 296.8 | ER73: 299.17 | ES73: 300.84 | ET73: 301.84 | EU73: 303.36 | EV73: 304.1 | EW73: 305.2 | EX73: 305.7 | EY73: 307 | EZ73: 307.8 | FA73: 307.7 | FB73: 307.1 | FC73: 306.74 | FD73: 308.41 | FE73: 310.32 | FF73: 312.32 | FG73: 313.55 | FH73: 314.07 | FI73: 314.18 | FJ73: 314.54 | FK73: 314.8 | FL73: 315.3 | FM73: 315.66 | FN73: 315.49 | FO73: 315.61 | FP73: 317.67 | FQ73: 319.1 | FR73: 319.79 | FS73: 320.79
A74: Nigeria - Consumer Price Index and Inflation | B74: Nigéria | C74: Novembre 2009 jusqu'en 2024 ; 2024 à partir de 2025 | D74: 115.6 | E74: 116.7 | F74: 118.3 | G74: 117.7 | H74: 118.7 | I74: 119.9 | J74: 120.3 | K74: 122.3 | L74: 124 | M74: 124.6 | N74: 124.7 | O74: 126 | P74: 130.2 | Q74: 130.5 | R74: 132.6 | S74: 132.8 | T74: 133.8 | U74: 135.3 | V74: 135.7 | W74: 136.6 | X74: 138 | Y74: 139.2 | Z74: 140 | AA74: 141.2 | AB74: 141.9 | AC74: 143 | AD74: 144 | AE74: 144.8 | AF74: 145.8 | AG74: 146.6 | AH74: 147.4 | AI74: 147.8 | AJ74: 148.9085 | AK74: 150 | AL74: 151.1 | AM74: 152.3 | AN74: 153.3 | AO74: 154 | AP74: 155.2 | AQ74: 156.2 | AR74: 157.4 | AS74: 158.6 | AT74: 159.7 | AU74: 160.4 | AV74: 161.3 | AW74: 162.1 | AX74: 163.1 | AY74: 164.4 | AZ74: 165.7664 | BA74: 166.90113 | BB74: 168.41986 | BC74: 169.70818 | BD74: 171.57736 | BE74: 173.16578 | BF74: 174.36741 | BG74: 175.39935 | BH74: 176.46129 | BI74: 177.20071 | BJ74: 178.37088 | BK74: 180.14537 | BL74: 181.70767 | BM74: 185.89288 | BN74: 189.93501 | BO74: 192.99392 | BP74: 198.30442 | BQ74: 201.70379 | BR74: 204.23073 | BS74: 206.28599 | BT74: 207.96323 | BU74: 209.68099 | BV74: 211.32698 | BW74: 213.55686 | BX74: 215.72123 | BY74: 218.94538 | BZ74: 222.70933 | CA74: 226.2746 | CB74: 230.53163 | CC74: 234.17487 | CD74: 237.0157 | CE74: 239.31547 | CF74: 241.19367 | CG74: 243.03125 | CH74: 244.9309 | CI74: 246.384 | CJ74: 248.35283 | CK74: 250.3194 | CL74: 252.41247 | CM74: 254.51896 | CN74: 257.29136 | CO74: 260.47459 | CP74: 263.42359 | CQ74: 266.18446 | CR74: 268.4105 | CS74: 270.39488 | CT74: 272.56079 | CU74: 274.57474 | CV74: 276.6 | CW74: 278.6 | CX74: 280.8 | CY74: 283.5 | CZ74: 286.6 | DA74: 289.7 | DB74: 292.6 | DC74: 295.5 | DD74: 298.6 | DE74: 301.8 | DF74: 304.9 | DG74: 307.5 | DH74: 310.2 | DI74: 312.6 | DJ74: 315.2 | DK74: 318.4 | DL74: 322.2 | DM74: 326.1 | DN74: 330.1 | DO74: 334.6 | DP74: 339.5 | DQ74: 344.7 | DR74: 350.3 | DS74: 355.9 | DT74: 361.2 | DU74: 366.8 | DV74: 372.5 | DW74: 376.1 | DX74: 379.9 | DY74: 384 | DZ74: 387.5 | EA74: 391.5 | EB74: 396 | EC74: 399.9 | ED74: 404.2 | EE74: 411.5 | EF74: 417.6 | EG74: 424.4 | EH74: 431.8 | EJ74: 447.2 | EK74: 455.4 | EL74: 463.6 | EM74: 471.8 | EN74: 478.2 | EO74: 484.2 | EP74: 490.9 | EQ74: 499.4 | ER74: 508.7 | ES74: 517.7 | ET74: 527 | EU74: 537 | EV74: 547.5 | EW74: 559.1 | EX74: 575.3 | EY74: 593.6 | EZ74: 606 | FA74: 616.5 | FB74: 629.4 | FC74: 643.82648 | FD74: 660.8013 | FE74: 681.8109 | FF74: 701.964 | FG74: 718 | FH74: 733.4 | FI74: 750.3 | FJ74: 767.4 | FK74: 784.4 | FL74: 804.1 | FM74: 825.4 | FP74: 110.68 | FQ74: 112.93923 | FR74: 117.33853 | FS74: 119.52
A75: https://tradingeconomics.com/republic-of-the-congo/consumer-price-index-cpi | B75: RDC | C75: Décembre 2011 | AZ75: 125.67 | BA75: 125.29 | BB75: 125.35 | BC75: 125.42 | BD75: 125.5 | BE75: 125.56 | BF75: 125.63 | BG75: 125.73 | BH75: 125.81 | BI75: 125.89 | BJ75: 126.01 | BK75: 126.11 | BL75: 126.26 | BM75: 126.36 | BN75: 126.48 | BO75: 126.69 | BP75: 126.88 | BQ75: 127.05 | BR75: 127.67 | BS75: 128.39 | BT75: 129.12 | BU75: 130.47 | BV75: 132.39 | BW75: 134.8 | BX75: 140.45 | BY75: 142.59 | BZ75: 145.25 | CA75: 148.73 | CB75: 153.33 | CC75: 157.93 | CD75: 169.62 | CE75: 183.32 | CF75: 188.39 | CG75: 193.47 | CH75: 201.47 | CI75: 211.64 | CJ75: 217.29 | CK75: 220.28 | CL75: 221.85 | CM75: 223.7 | CN75: 225.34 | CO75: 228.03 | CP75: 228.6 | CQ75: 228.92 | CR75: 229.32 | CS75: 229.79 | CT75: 230.75 | CU75: 231.85 | CV75: 232.99 | CW75: 233.62 | CX75: 234.64 | CY75: 235.28 | CZ75: 236.15 | DA75: 237.05 | DB75: 237.88 | DH75: 250.1196 | DI75: 250.83374 | DJ75: 251.54787 | DK75: 252.26201 | DL75: 252.97614 | DM75: 253.69028 | DN75: 254.40441 | DO75: 255.11855 | DP75: 255.83268 | DQ75: 256.54682 | DR75: 257.26095 | DS75: 257.97509 | DT75: 258.68922 | DU75: 259.40336 | DV75: 260.1175 | DW75: 260.83163 | DX75: 261.54577 | DY75: 262.2599 | DZ75: 262.97404 | EA75: 263.68817 | EB75: 264.40231 | EC75: 265.11644 | ED75: 265.83058 | EE75: 266.54471 | EF75: 267.25885 | EG75: 267.97298 | EH75: 268.68712 | EI75: 269.40125 | EJ75: 270.11539 | EW75: 112.2 | EX75: 112.6 | EY75: 112.7 | EZ75: 112.3 | FA75: 112.1 | FB75: 112.8 | FC75: 113.4 | FH75: 115.1 | FI75: 116.2 | FJ75: 116.7 | FK75: 115.9 | FL75: 115.1 | FM75: 114.5 | FN75: 115.6 | FO75: 120.6 | FP75: 118.8 | FQ75: 118.6 | FR75: 119.7
A76: Ghana Consumer Price Index (CPI) | B76: Ghana | C76: Base 2021 | AC76: 107.5 | AD76: 108 | AE76: 109.7 | AF76: 110.5 | AG76: 112.2 | AH76: 113.6 | AI76: 112.8 | AJ76: 112 | AK76: 114.5 | AL76: 115.4 | AM76: 116.6 | AN76: 121.2 | AO76: 122.6 | AP76: 123.7 | AQ76: 125.8 | AR76: 126.9 | AS76: 129 | AT76: 131 | AU76: 130.7 | AV76: 130.5 | AW76: 133.9 | AX76: 135.1 | AY76: 136.4 | AZ76: 141.1 | BA76: 142.8 | BB76: 144.3 | BC76: 146.9 | BD76: 148.4 | BE76: 151 | BF76: 154.5 | BG76: 153.3 | BH76: 153.1 | BI76: 157.2 | BJ76: 158.9 | BK76: 160.6 | BL76: 168 | BM76: 169.2 | BN76: 172 | BO76: 174.4 | BP76: 176.4 | BQ76: 178.8 | BR76: 180.3 | BS76: 179.2 | BT76: 179.5 | BU76: 182 | BV76: 183.5 | BW76: 185.3 | BX76: 190.4 | BY76: 191.6 | BZ76: 194 | CA76: 197.2 | CB76: 198.6 | CC76: 200.4 | CD76: 201.7 | CE76: 201.3 | CF76: 201.3 | CG76: 203.2 | CH76: 205.1 | CI76: 207.2 | CJ76: 210.1 | CK76: 211.9 | CL76: 214.1 | CM76: 216 | CN76: 2018.1 | CO76: 220.4 | CP76: 221.1 | CQ76: 221.1 | CR76: 221 | CS76: 222.6 | CT76: 224.2 | CU76: 226.7 | CV76: 229 | EI76: 120.76 | EJ76: 125.66 | EK76: 129.42 | EL76: 133.49 | EM76: 136.05 | EN76: 140.6 | EO76: 144.4 | EP76: 156.8 | EQ76: 162.79 | ER76: 165.6 | ES76: 168.7 | ET76: 166.6 | EU76: 170.5 | EV76: 178.6 | EW76: 184.4 | EX76: 191 | EY76: 190.6 | EZ76: 194.1 | FA76: 195.2 | FB76: 198.2 | FC76: 200.5 | FD76: 204.5 | FE76: 207.8 | FF76: 209.6 | FG76: 213.3 | FH76: 220 | FI76: 226.4 | FJ76: 231 | FK76: 229.4 | FL76: 235.8 | FM76: 237.8 | FN76: 243.9 | FO76: 248.3 | FP76: 252.6 | FQ76: 255.89 | FR76: 256.5 | FS76: 258.6
A77: Kenya Consumer Price Index (CPI) | B77: Kenya | DH77: 106.51 | DI77: 107.17 | DJ77: 107.47 | DK77: 108.49 | DL77: 108.6 | DM77: 108.27 | DN77: 108.35 | DO77: 108.57 | DP77: 108.57 | DQ77: 109.6 | DR77: 110.78 | DS77: 111.87 | DT77: 112.58 | DU77: 113.36 | DV77: 113.81 | DW77: 114.75 | DX77: 114.98 | DY77: 115.11 | DZ77: 115.45 | EA77: 115.71 | EB77: 116.07 | EC77: 116.67 | ED77: 117.2 | EE77: 118.3 | EF77: 118.6 | EJ77: 123.12 | EK77: 124.22 | EL77: 125.05 | EM77: 125.58 | EN77: 126.73 | EO77: 127.86 | EP77: 128.31 | EQ77: 128.99 | ER77: 129.29 | ES77: 130.13 | ET77: 131.18 | EU77: 131.2 | EV77: 133 | EW77: 134 | EX77: 134.2 | EY77: 134 | EZ77: 135.3 | FA77: 136.8 | FB77: 137 | FC77: 138.15 | FD77: 138.15 | FE77: 138.34 | FF77: 138.66 | FG77: 138.4 | FH77: 139.64 | FI77: 140.23 | FJ77: 139.94 | FK77: 139.87 | FL77: 140.13 | FM77: 140.44 | FN77: 140.81 | FO77: 141.66 | FP77: 142.68 | FQ77: 143.12 | FR77: 143.69 | FS77: 144.09 | FT77: 144.95
A78: Guinea Consumer Price Index CPI | B78: Guinée Conakry | EF78: 131 | EG78: 131.1 | EH78: 134.4 | EI78: 136.6 | EJ78: 137.8 | EK78: 140.1 | EL78: 141.6 | EM78: 142.2 | EN78: 138.9 | EO78: 139.8 | EP78: 139.7 | EQ78: 139.6 | ER78: 140.1 | ES78: 141 | ET78: 142 | EU78: =+(ET78+EV78)/2 -> 142.75 | EV78: 143.5 | EW78: 144 | EX78: 145.1 | EY78: 145.4 | EZ78: 149.7 | FA78: 150.2 | FB78: 150.9 | FC78: 148.7 | FD78: 149.4 | FE78: 149.7 | FF78: 150.2 | FG78: 150.9 | FH78: 151.3 | FI78: 151.6 | FJ78: 152 | FK78: 152.2 | FL78: 152.4 | FM78: 152.5 | FN78: 153.1 | FO78: 153.3 | FP78: 153.4 | FQ78: 153.7 | FR78: 153.9 | FS78: 154.2
B79: Sierra Leone | C79: Base 2007 | D79: 120.28 | E79: 120.56 | F79: 121.01 | G79: 121.6 | H79: 122.08 | I79: 122.43 | J79: 123.45 | K79: 123.98 | L79: 124.64 | M79: 125.01 | N79: 125.43 | O79: 125.77 | P79: 128.74 | Q79: 129 | R79: 129.31 | S79: 129.63 | T79: 130.49 | U79: 130.84 | V79: 131.5 | W79: 131.77 | X79: 132.37 | Y79: 132.89 | Z79: 133.38 | AA79: 133.58 | AB79: 135.81 | AC79: 136.14 | AD79: 136.44 | AE79: 137.02 | AF79: 137.6 | AG79: 137.96 | AH79: 138.99 | AI79: 139.27 | AJ79: 139.66 | AK79: 140.17 | AL79: 140.51 | AM79: 140.76 | AN79: 142.51 | AO79: 143 | AP79: 143.16 | AQ79: 143.58 | AR79: 143.85 | AS79: 144.13 | AT79: 144.52 | AU79: 145.93 | AV79: 146.24 | AW79: 146.48 | AX79: 146.8 | AY79: 147.26 | AZ79: 148.94 | BA79: 149.47 | BB79: 151.28 | BC79: 151.81 | BD79: 153.41 | BE79: 154.01 | BF79: 154.33 | BG79: 156.98 | BH79: 157.34 | BI79: 158.04 | BJ79: 158.55 | BK79: 159.6 | BL79: 161.46 | BM79: 162.44 | BN79: 163.16 | BO79: 164.99 | BP79: 167.12 | BQ79: 168.58 | BR79: 171.11 | BS79: 173.5 | BT79: 175.13 | BU79: 177.89 | BV79: 182.74 | BW79: 187.39 | BX79: 191.59 | BY79: 194.63 | BZ79: 196.15 | CA79: 197.66 | CB79: 198.72 | CC79: 200.85 | CD79: 202.87 | CE79: 204.75 | CF79: 206.35 | CG79: 207.88 | CH79: 212.46 | CI79: 216.11 | CJ79: 219.73 | CK79: 222.65 | CL79: 225.4 | CM79: 228.49 | CN79: 231.32 | CO79: 234.5 | CP79: 238.79 | CQ79: 242.05 | CR79: 246.03 | CS79: 247.99 | CT79: 251.01 | CU79: 253.85 | CV79: 257.25 | CW79: 260.93 | CX79: 264.75 | EH79: 345.13 | EI79: 355.65 | EJ79: 364.3 | EK79: 375.72 | EL79: 386.02 | EM79: 390.44 | EN79: 398.1 | EO79: 412.86 | EP79: 420.49 | EQ79: 435.91 | ER79: 446.31 | ES79: 470.54 | ET79: 488.34 | EU79: 508.7 | EV79: 526.2 | EW79: 544.1 | EX79: 559.6 | EY79: 589.3 | EZ79: 614.9 | FA79: 638.24027 | FB79: 648.39558 | FC79: 663.28066 | FD79: 657.9502 | FE79: 670.94299 | FF79: 687.04555 | FG79: 702.3 | FH79: 714.79
A80: Angola Consumer Price Index (CPI) | B80: Angola | EF80: 129.57 | EG80: 131.86 | EH80: 133.92 | EI80: 135.42 | EJ80: 136.67 | EK80: 137.82 | EL80: 138.94 | EM80: 140 | EN80: 141.11 | EO80: 142.21 | EP80: 143.38 | EQ80: 144.64 | ER80: 145.83 | ES80: 147.09 | ET80: 148.4 | EU80: 149.76 | EV80: 151.2 | EW80: 153.3 | EX80: 155.8 | EY80: 158.9 | EZ80: 162.3 | FA80: 165.8 | FB80: 169.4 | FC80: 137.57 | FD80: 177.89 | FE80: 182.48 | FF80: 187.11 | FG80: 191.99 | FH80: 196.78 | FI80: 200.85 | FJ80: 204.2 | FK80: 205.7 | FL80: 210.8 | FM80: 214.16 | FN80: 217.59 | FO80: 221.29 | FP80: 224.9 | FQ80: 228.58 | FR80: 231.74 | FS80: 234.84
A81: BCEAO - Données statistiques économiques et financières | B81: Côte d'Ivoire | C81: Base 2008 | BL81: 101.37 | BM81: 101.57 | BN81: 102.03 | BO81: 103.13 | BP81: 104.03 | BQ81: 103.01 | BR81: 102.37 | BS81: 101.23 | BT81: 100.9 | BU81: 101.01 | BV81: 101.41 | BW81: 101.53 | BX81: 101.87 | BY81: 102.2 | BZ81: 102.32 | CA81: 102.49 | CB81: 102.54 | CC81: 102.6 | CD81: 102.71 | CE81: 102.04 | CF81: 102.33 | CG81: 102.23 | CH81: 102.37 | CI81: 102.8 | CJ81: 102.45 | CK81: 102.67 | CL81: 102.66 | CM81: 102.93 | CN81: 103.27 | CO81: 103.37 | CP81: 103.13 | CQ81: 102.91 | CR81: 103 | CS81: 103.17 | CT81: 103.2 | CU81: 103.42 | CV81: 103.24 | CW81: 103.03 | CX81: 103.25 | CY81: 103.69 | CZ81: 104.14 | DA81: 104.65 | DB81: 104.34 | DC81: 103.32 | DD81: 103.52 | DE81: 103.45 | DF81: 104.49 | DG81: 105.04 | DH81: 105.3 | DI81: 105.68 | DJ81: 105.76 | DK81: 106.12 | DL81: 106.54 | DM81: 107.59 | DN81: 107.2 | DO81: 106.14 | DP81: 105.51 | DQ81: 106.61 | DR81: 106.31 | DS81: 107.47 | DT81: 107.71 | DU81: 109.09 | DV81: 109.29 | DW81: 110.26 | DX81: 110.99 | DY81: 111.4 | DZ81: 111.4 | EA81: 111.15 | EB81: 111.01 | EC81: 111.38 | ED81: 112.2 | EE81: 113.5 | EF81: 113.7 | EG81: 114.1 | EH81: 114.2 | EI81: 114.7 | EJ81: 114.9 | EK81: 117.4 | EL81: 117.4 | EM81: 118 | EN81: 118 | EO81: 118.3 | EP81: 118.6 | EQ81: 119.2 | ER81: 119.2 | ES81: 119.6 | ET81: 120.1 | EU81: 120.7 | EV81: 120.4 | EW81: 122.2 | EX81: 122.8 | EY81: 122.28 | EZ81: 122.97 | FA81: 122.67 | FB81: 122.94 | FC81: 123.99 | FD81: 122.86 | FE81: 123.86 | FF81: 124.67 | FG81: 125.09 | FH81: 126.3 | FI81: 127.2 | FJ81: 127.65 | FK81: 127.8 | FL81: 126.4 | FM81: 125.9 | FN81: 126.07 | FO81: 126.55 | FP81: 102.7 | FQ81: 102.5

Sheet IPC_Projections
B2: IPC NATIONAL
A4: N° | B4: POSTES DE CONSOMMATION | C4: Pondération | D4: 45292 | E4: 45323 | F4: 45352 | G4: 45383 | H4: 45413 | I4: 45444 | J4: 45474 | K4: 45505 | L4: 45536 | M4: 45566 | N4: 45597 | O4: 45627 | P4: 45658 | Q4: 45689 | R4: 45717 | S4: 45748 | T4: 45778 | U4: 45809 | V4: 45839 | W4: 45870 | X4: 45901 | Y4: 45931 | Z4: 45962 | AA4: 45992 | AB4: 46023 | AC4: 46054 | AD4: 46082 | AE4: 46113 | AF4: 46143 | AG4: 46174 | AH4: 46204 | AI4: 46235 | AJ4: 46266 | AK4: 46296 | AL4: 46327 | AM4: 46357 | AN4: 46388 | AO4: 46419 | AP4: 46447 | AQ4: 46478 | AR4: 46508 | AS4: 46539 | AT4: 46569 | AU4: 46600 | AV4: 46631 | AW4: 46661 | AX4: 46692 | AY4: 46722
A5: 01 | B5: Produits alimentaires et boissons non alcoolisees | C5: 31.82 | D5: =IPC!FD5 -> 112.2 | E5: =IPC!FE5 -> 113 | F5: =IPC!FF5 -> 113.8
B6: Produits alimentaires
B7: Boissons non alcoolisees
A8: 02 | B8: Boissons alcoolisees et tabac | C8: 1.36 | D8: =IPC!FD8 -> 104.3 | E8: =IPC!FE8 -> 104.8 | F8: =IPC!FF8 -> 105
A9: 03 | B9: Articles d'habillement et chaussures | C9: 9.84 | D9: =IPC!FD9 -> 106.1 | E9: =IPC!FE9 -> 106.3 | F9: =IPC!FF9 -> 106.6
A10: 04 | B10: Logement, eau, gaz, électricité et autres combustibles | C10: 12.89 | D10: =IPC!FD10 -> 104.7 | E10: =IPC!FE10 -> 105.6 | F10: =IPC!FF10 -> 105.7
A11: 05 | B11: Meubles, articles de ménage et entretien courant de la maison | C11: 5.1 | D11: =IPC!FD11 -> 108.2 | E11: =IPC!FE11 -> 108.6 | F11: =IPC!FF11 -> 108.7
A12: 06 | B12: Santé | C12: 4.78 | D12: =IPC!FD12 -> 101.1 | E12: =IPC!FE12 -> 101.2 | F12: =IPC!FF12 -> 101.4
A13: 07 | B13: Transports | C13: 11.27 | D13: =IPC!FD13 -> 118.2 | E13: =IPC!FE13 -> 125.8 | F13: =IPC!FF13 -> 128.3
A14: 08 | B14: Communications | C14: 4.59 | D14: =IPC!FD14 -> 100.3 | E14: =IPC!FE14 -> 100.4 | F14: =IPC!FF14 -> 100.5
A15: 09 | B15: Loisirs et culture | C15: 3.35 | D15: =IPC!FD15 -> 102.6 | E15: =IPC!FE15 -> 102.6 | F15: =IPC!FF15 -> 102.6
A16: 10 | B16: Enseignement | C16: 3.07 | D16: =IPC!FD16 -> 104.5 | E16: =IPC!FE16 -> 104.5 | F16: =IPC!FF16 -> 104.5
A17: 11 | B17: Restarants et hotels | C17: 6.69 | D17: =IPC!FD17 -> 106 | E17: =IPC!FE17 -> 106.3 | F17: =IPC!FF17 -> 106.4
A18: 12 | B18: Biens et services divers | C18: 5.24 | D18: =IPC!FD18 -> 106.6 | E18: =IPC!FE18 -> 107 | F18: =IPC!FF18 -> 107.2
B19: Indice général national - Base 100 : Année 2011 | C19: =SUM(C8:C18,C5) -> 100 | D19: =IPC!FD19 -> 108.8 | E19: =IPC!FE19 -> 110.2 | F19: =IPC!FF19 -> 110.9 | G19: =+SUMPRODUCT($C$5:$C$18,G5:G18)/100 -> 0 | H19: =+SUMPRODUCT($C$5:$C$18,H5:H18)/100 -> 0 | I19: =+SUMPRODUCT($C$5:$C$18,I5:I18)/100 -> 0 | J19: =+SUMPRODUCT($C$5:$C$18,J5:J18)/100 -> 0 | K19: =+SUMPRODUCT($C$5:$C$18,K5:K18)/100 -> 0 | L19: =+SUMPRODUCT($C$5:$C$18,L5:L18)/100 -> 0 | M19: =+SUMPRODUCT($C$5:$C$18,M5:M18)/100 -> 0 | N19: =+SUMPRODUCT($C$5:$C$18,N5:N18)/100 -> 0 | ... AY19: =+SUMPRODUCT($C$5:$C$18,AY5:AY18)/100 -> 0
B21: Biens locaux
B22: Biens importés
B24: Energie
B25: Produits pétroliers
B26: Produits frais
B27: Hors produits frais et énergie
B29: Primaire
B30: Secondaire
B31: Tertiaire
B33: Durable
B34: Non durable
B35: Semi durable
B36: Services
B38: Indice hors alimentation | G38: =IF(OR(G5="",G9="",G16=""),"",SUMPRODUCT(G8:G18,$C$8:$C$18)/SUM($C$8:$C$18)) | H38: =IF(OR(H5="",H9="",H16=""),"",SUMPRODUCT(H8:H18,$C$8:$C$18)/SUM($C$8:$C$18))
B39: Indice hors transport | G39: =IF(OR(G5="",G11="",G17=""),"",(G5*$C$5+SUMPRODUCT($C$8:$C$12,G8:G12)+SUMPRODUCT($C$14:$C$18,G14:G18))/SUM($C$5,$C$8:$C$12,$C$14:$C$18)) | H39: =IF(OR(H5="",H11="",H17=""),"",(H5*$C$5+SUMPRODUCT($C$8:$C$12,H8:H12)+SUMPRODUCT($C$14:$C$18,H14:H18))/SUM($C$5,$C$8:$C$12,$C$14:$C$18))
B40: Indice hors alimentation et transports | G40: =IF(OR(G5="",G10="",G16=""),"",(SUMPRODUCT($C$8:$C$12,G8:G12)+SUMPRODUCT($C$14:$C$18,G14:G18))/SUM($C$8:$C$12,$C$14:$C$18)) | H40: =IF(OR(H5="",H10="",H16=""),"",(SUMPRODUCT($C$8:$C$12,H8:H12)+SUMPRODUCT($C$14:$C$18,H14:H18))/SUM($C$8:$C$12,$C$14:$C$18))
B42: Ancien Indice général national - Base 100 : Décembre 1993 | C42: =AVERAGE(#REF!) -> #REF! | G42: =G19*AVERAGE(#REF!)/100 -> #REF! | H42: =H19*AVERAGE(#REF!)/100 -> #REF!
B45: IPC PAR VILLE
B47: Centres | C47: Pondération
B48: Yaoundé
B49: Douala
B50: Maroua
B51: Bafoussam
B52: Buéa
B53: Garoua
B54: Ebolowa
B55: Ngaoundéré
B56: Bertoua
B57: Bamenda
B58: Indice général national | C58: 10000
B61: IPC DES PARTENAIRES
C63: Base 100 | G63: 45383 | H63: 45413
B64: République Centrafricaine
B65: Congo
B66: Gabon
B67: Guinée Equatoriale
B68: Tchad
B69: CEMAC
B70: UEMOA | G70: 124.28 | H70: 125.4
B71: Zone Euro | G71: 127.77 | H71: 128.27
B72: France | C72: Base 2015 | G72: 119.73 | H72: 119.71
B73: Etats-unis | C73: Base year is chained; 1982-1984 = 100. | G73: #REF!
B74: Nigéria | C74: Novembre 2009 | G74: 717.9153 | H74: 733.37625
B75: RDC | C75: Décembre 2011
B76: Ghana | C76: Base 2012 | G76: 213.3 | H76: 220
B77: Kenya | G77: 139.64 | H77: 140.23
B78: Guinée Conakry | G78: 150.9
B79: Sierra Leone | C79: Base 2007 | G79: 702.31122 | H79: 714.79008
B80: Angola | G80: 191.99 | H80: 196.78
B81: Côte d'Ivoire | C81: Base 2008 | G81: 125.1 | H81: 126.3

Sheet IPC_Trimestriel
B2: IPC NATIONAL
A4: N° | B4: POSTES DE CONSOMMATION | C4: Pondération | D4: 2000T1 | E4: 2000T2 | F4: 2000T3 | G4: 2000T4 | H4: 2001T1 | I4: 2001T2 | J4: 2001T3 | K4: 2001T4 | L4: 2002T1 | M4: 2002T2 | N4: 2002T3 | O4: 2002T4 | P4: 2003T1 | Q4: 2003T2 | R4: 2003T3 | S4: 2003T4 | T4: 2004T1 | U4: 2004T2 | V4: 2004T3 | W4: 2004T4 | X4: 2005T1 | Y4: 2005T2 | Z4: 2005T3 | AA4: 2005T4 | AB4: 2006T1 | AC4: 2006T2 | AD4: 2006T3 | AE4: 2006T4 | AF4: 2007T1 | AG4: 2007T2 | AH4: 2007T3 | AI4: 2007T4 | AJ4: 2008T1 | AK4: 2008T2 | AL4: 2008T3 | AM4: 2008T4 | AN4: 2009T1 | AO4: 2009T2 | AP4: 2009T3 | AQ4: 2009T4 | AR4: 2010T1 | AS4: 2010T2 | AT4: 2010T3 | AU4: 2010T4 | AV4: 2011T1 | AW4: 2011T2 | AX4: 2011T3 | AY4: 2011T4 | AZ4: 2012T1 | BA4: 2012T2 | BB4: 2012T3 | BC4: 2012T4 | BD4: 2013T1 | BE4: 2013T2 | BF4: 2013T3 | BG4: 2013T4 | BH4: 2014T1 | BI4: 2014T2 | BJ4: 2014T3 | BK4: 2014T4 | BL4: 2015T1 | BM4: 2015T2 | BN4: 2015T3 | BO4: 2015T4 | BP4: 2016T1 | BQ4: 2016T2 | BR4: 2016T3 | BS4: 2016T4 | BT4: 2017T1 | BU4: 2017T2 | BV4: 2017T3 | BW4: 2017T4 | BX4: 2018T1 | BY4: 2018T2 | BZ4: 2018T3 | CA4: 2018T4 | CB4: 2019T1 | CC4: 2019T2 | CD4: 2019T3 | CE4: 2019T4 | CF4: 2020T1 | CG4: 2020T2 | CH4: 2020T3 | CI4: 2020T4 | CJ4: 2021T1 | CK4: 2021T2 | CL4: 2021T3 | CM4: 2021T4 | CN4: 2022T1 | CO4: 2022T2 | CP4: 2022T3 | CQ4: 2022T4 | CR4: 2023T1 | CS4: 2023T2 | CT4: 2023T3 | CU4: 2023T4 | CV4: 2024T1 | CW4: 2024T2 | CX4: 2024T3 | CY4: 2024T4 | CZ4: 2025T1
A5: 01 | B5: Produits alimentaires et boissons non alcoolisees | C5: 31.82 | AV5: =IF(OR(IPC!F5="",IPC!E5="",IPC!D5=""),"",AVERAGE(IPC!D5:F5)) | AW5: =IF(OR(IPC!I5="",IPC!H5="",IPC!G5=""),"",AVERAGE(IPC!G5:I5)) | AX5: =IF(OR(IPC!L5="",IPC!K5="",IPC!J5=""),"",AVERAGE(IPC!J5:L5)) | AY5: =IF(OR(IPC!O5="",IPC!N5="",IPC!M5=""),"",AVERAGE(IPC!M5:O5)) | AZ5: =IF(OR(IPC!R5="",IPC!Q5="",IPC!P5=""),"",AVERAGE(IPC!P5:R5)) -> 71.919689 | BA5: =IF(OR(IPC!U5="",IPC!T5="",IPC!S5=""),"",AVERAGE(IPC!S5:U5)) -> 73.003038 | BB5: =IF(OR(IPC!X5="",IPC!W5="",IPC!V5=""),"",AVERAGE(IPC!V5:X5)) -> 73.991101 | BC5: =IF(OR(IPC!AA5="",IPC!Z5="",IPC!Y5=""),"",AVERAGE(IPC!Y5:AA5)) -> 75.085903 | BD5: =IF(OR(IPC!AD5="",IPC!AC5="",IPC!AB5=""),"",AVERAGE(IPC!AB5:AD5)) -> 74.999588 | BE5: =IF(OR(IPC!AG5="",IPC!AF5="",IPC!AE5=""),"",AVERAGE(IPC!AE5:AG5)) -> 75.121962 | BF5: =IF(OR(IPC!AJ5="",IPC!AI5="",IPC!AH5=""),"",AVERAGE(IPC!AH5:AJ5)) -> 76.023496 | BG5: =IF(OR(IPC!AM5="",IPC!AL5="",IPC!AK5=""),"",AVERAGE(IPC!AK5:AM5)) -> 77.425028 | BH5: =IF(OR(IPC!AP5="",IPC!AO5="",IPC!AN5=""),"",AVERAGE(IPC!AN5:AP5)) -> 76.063511 | BI5: =IF(OR(IPC!AS5="",IPC!AR5="",IPC!AQ5=""),"",AVERAGE(IPC!AQ5:AS5)) -> 75.814276 | BJ5: =IF(OR(IPC!AV5="",IPC!AU5="",IPC!AT5=""),"",AVERAGE(IPC!AT5:AV5)) -> 76.697715 | BK5: =IF(OR(IPC!AY5="",IPC!AX5="",IPC!AW5=""),"",AVERAGE(IPC!AW5:AY5)) -> 77.292911 | BL5: =IF(OR(IPC!BB5="",IPC!BA5="",IPC!AZ5=""),"",AVERAGE(IPC!AZ5:BB5)) -> 76.813871 | BM5: =IF(OR(IPC!BE5="",IPC!BD5="",IPC!BC5=""),"",AVERAGE(IPC!BC5:BE5)) -> 77.691843 | BN5: =IF(OR(IPC!BH5="",IPC!BG5="",IPC!BF5=""),"",AVERAGE(IPC!BF5:BH5)) -> 78.659079 | BO5: =IF(OR(IPC!BK5="",IPC!BJ5="",IPC!BI5=""),"",AVERAGE(IPC!BI5:BK5)) -> 78.934684 | BP5: =IF(OR(IPC!BN5="",IPC!BM5="",IPC!BL5=""),"",AVERAGE(IPC!BL5:BN5)) -> 78.309199 | BQ5: =IF(OR(IPC!BQ5="",IPC!BP5="",IPC!BO5=""),"",AVERAGE(IPC!BO5:BQ5)) -> 79.135467 | BR5: =IF(OR(IPC!BT5="",IPC!BS5="",IPC!BR5=""),"",AVERAGE(IPC!BR5:BT5)) -> 79.346522 | BS5: =IF(OR(IPC!BW5="",IPC!BV5="",IPC!BU5=""),"",AVERAGE(IPC!BU5:BW5)) -> 78.676346 | BT5: =IF(OR(IPC!BZ5="",IPC!BY5="",IPC!BX5=""),"",AVERAGE(IPC!BX5:BZ5)) -> 77.764147 | BU5: =IF(OR(IPC!CC5="",IPC!CB5="",IPC!CA5=""),"",AVERAGE(IPC!CA5:CC5)) -> 78.803753 | BV5: =IF(OR(IPC!CF5="",IPC!CE5="",IPC!CD5=""),"",AVERAGE(IPC!CD5:CF5)) -> 79.462177 | BW5: =IF(OR(IPC!CI5="",IPC!CH5="",IPC!CG5=""),"",AVERAGE(IPC!CG5:CI5)) -> 79.487607 | BX5: =IF(OR(IPC!CL5="",IPC!CK5="",IPC!CJ5=""),"",AVERAGE(IPC!CJ5:CL5)) -> 78.889762 | BY5: =IF(OR(IPC!CO5="",IPC!CN5="",IPC!CM5=""),"",AVERAGE(IPC!CM5:CO5)) -> 79.697541 | BZ5: =IF(OR(IPC!CR5="",IPC!CQ5="",IPC!CP5=""),"",AVERAGE(IPC!CP5:CR5)) -> 79.65125 | CA5: =IF(OR(IPC!CU5="",IPC!CT5="",IPC!CS5=""),"",AVERAGE(IPC!CS5:CU5)) -> 81.110841 | CB5: =IF(OR(IPC!CX5="",IPC!CW5="",IPC!CV5=""),"",AVERAGE(IPC!CV5:CX5)) -> 80.972156 | CC5: =IF(OR(IPC!DA5="",IPC!CZ5="",IPC!CY5=""),"",AVERAGE(IPC!CY5:DA5)) -> 81.87052 | CD5: =IF(OR(IPC!DB5="",IPC!DA5="",IPC!CZ5=""),"",AVERAGE(IPC!CZ5:DB5)) -> 82.079649 | CE5: =IF(OR(IPC!DC5="",IPC!DB5="",IPC!DA5=""),"",AVERAGE(IPC!DA5:DC5)) -> 82.312763 | CF5: =IF(OR(IPC!DD5="",IPC!DC5="",IPC!DB5=""),"",AVERAGE(IPC!DB5:DD5)) -> 82.551567 | CG5: =IF(OR(IPC!DM5="",IPC!DL5="",IPC!DK5=""),"",AVERAGE(IPC!DK5:DM5)) -> 84.285943 | CH5: =IF(OR(IPC!DP5="",IPC!DO5="",IPC!DN5=""),"",AVERAGE(IPC!DN5:DP5)) -> 85.833584 | CI5: =IF(OR(IPC!DS5="",IPC!DR5="",IPC!DQ5=""),"",AVERAGE(IPC!DQ5:DS5)) -> 86.308698 | CJ5: =IF(OR(IPC!DV5="",IPC!DU5="",IPC!DT5=""),"",AVERAGE(IPC!DT5:DV5)) -> 86.216636 | CK5: =IF(OR(IPC!DY5="",IPC!DX5="",IPC!DW5=""),"",AVERAGE(IPC!DW5:DY5)) -> 87.937968 | CL5: =IF(OR(IPC!EB5="",IPC!EA5="",IPC!DZ5=""),"",AVERAGE(IPC!DZ5:EB5)) -> 89.60976 | CM5: =IF(OR(IPC!EE5="",IPC!ED5="",IPC!EC5=""),"",AVERAGE(IPC!EC5:EE5)) -> 91.007383 | CN5: =IF(OR(IPC!EH5="",IPC!EG5="",IPC!EF5=""),"",AVERAGE(IPC!EF5:EH5)) -> 94.453854 | CO5: =IF(OR(IPC!EK5="",IPC!EJ5="",IPC!EI5=""),"",AVERAGE(IPC!EI5:EK5)) -> 98.48187 | CP5: =IF(OR(IPC!EN5="",IPC!EM5="",IPC!EL5=""),"",AVERAGE(IPC!EL5:EN5)) -> 102.24218 | CQ5: =IF(OR(IPC!EQ5="",IPC!EP5="",IPC!EO5=""),"",AVERAGE(IPC!EO5:EQ5)) -> 104.82209 | CR5: =IF(OR(IPC!ET5="",IPC!ES5="",IPC!ER5=""),"",AVERAGE(IPC!ER5:ET5)) -> 107.03091 | CS5: =IF(OR(IPC!EW5="",IPC!EV5="",IPC!EU5=""),"",AVERAGE(IPC!EU5:EW5)) -> 109.82208 | CT5: =IF(OR(IPC!EZ5="",IPC!EY5="",IPC!EX5=""),"",AVERAGE(IPC!EX5:EZ5)) -> 112.89409 | CU5: =IF(OR(IPC!FC5="",IPC!FB5="",IPC!FA5=""),"",AVERAGE(IPC!FA5:FC5)) -> 113.56796 | CV5: =IF(OR(IPC!FF5="",IPC!FE5="",IPC!FD5=""),"",AVERAGE(IPC!FD5:FF5)) -> 113 | CW5: =IF(OR(IPC!FI5="",IPC!FH5="",IPC!FG5=""),"",AVERAGE(IPC!FG5:FI5)) -> 115.76667 | CX5: =IF(OR(IPC!FL5="",IPC!FK5="",IPC!FJ5=""),"",AVERAGE(IPC!FJ5:FL5)) -> 118.20465 | CY5: =IF(OR(IPC!FO5="",IPC!FN5="",IPC!FM5=""),"",AVERAGE(IPC!FM5:FO5)) -> 120.76847 | CZ5: =IF(OR(IPC!FR5="",IPC!FQ5="",IPC!FP5=""),"",AVERAGE(IPC!FP5:FR5)) -> 121.43333
B6: Produits alimentaires | AV6: =IF(OR(IPC!F6="",IPC!E6="",IPC!D6=""),"",AVERAGE(IPC!D6:F6)) | AW6: =IF(OR(IPC!I6="",IPC!H6="",IPC!G6=""),"",AVERAGE(IPC!G6:I6)) | AX6: =IF(OR(IPC!L6="",IPC!K6="",IPC!J6=""),"",AVERAGE(IPC!J6:L6)) | AY6: =IF(OR(IPC!O6="",IPC!N6="",IPC!M6=""),"",AVERAGE(IPC!M6:O6)) | AZ6: =IF(OR(IPC!R6="",IPC!Q6="",IPC!P6=""),"",AVERAGE(IPC!P6:R6)) -> 71.725958 | BA6: =IF(OR(IPC!U6="",IPC!T6="",IPC!S6=""),"",AVERAGE(IPC!S6:U6)) -> 72.829604 | BB6: =IF(OR(IPC!X6="",IPC!W6="",IPC!V6=""),"",AVERAGE(IPC!V6:X6)) -> 73.835401 | BC6: =IF(OR(IPC!AA6="",IPC!Z6="",IPC!Y6=""),"",AVERAGE(IPC!Y6:AA6)) -> 74.935373 | BD6: =IF(OR(IPC!AD6="",IPC!AC6="",IPC!AB6=""),"",AVERAGE(IPC!AB6:AD6)) -> 74.828147 | BE6: =IF(OR(IPC!AG6="",IPC!AF6="",IPC!AE6=""),"",AVERAGE(IPC!AE6:AG6)) -> 74.948145 | BF6: =IF(OR(IPC!AJ6="",IPC!AI6="",IPC!AH6=""),"",AVERAGE(IPC!AH6:AJ6)) -> 75.87898 | BG6: =IF(OR(IPC!AM6="",IPC!AL6="",IPC!AK6=""),"",AVERAGE(IPC!AK6:AM6)) -> 77.30995 | BH6: =IF(OR(IPC!AP6="",IPC!AO6="",IPC!AN6=""),"",AVERAGE(IPC!AN6:AP6)) -> 75.920427 | BI6: =IF(OR(IPC!AS6="",IPC!AR6="",IPC!AQ6=""),"",AVERAGE(IPC!AQ6:AS6)) -> 75.666216 | BJ6: =IF(OR(IPC!AV6="",IPC!AU6="",IPC!AT6=""),"",AVERAGE(IPC!AT6:AV6)) -> 76.553658 | BK6: =IF(OR(IPC!AY6="",IPC!AX6="",IPC!AW6=""),"",AVERAGE(IPC!AW6:AY6)) -> 77.155395 | BL6: =IF(OR(IPC!BB6="",IPC!BA6="",IPC!AZ6=""),"",AVERAGE(IPC!AZ6:BB6)) -> 76.649776 | BM6: =IF(OR(IPC!BE6="",IPC!BD6="",IPC!BC6=""),"",AVERAGE(IPC!BC6:BE6)) -> 77.510259 | BN6: =IF(OR(IPC!BH6="",IPC!BG6="",IPC!BF6=""),"",AVERAGE(IPC!BF6:BH6)) -> 78.485365 | BO6: =IF(OR(IPC!BK6="",IPC!BJ6="",IPC!BI6=""),"",AVERAGE(IPC!BI6:BK6)) -> 78.769263 | BP6: =IF(OR(IPC!BN6="",IPC!BM6="",IPC!BL6=""),"",AVERAGE(IPC!BL6:BN6)) -> 78.129135 | BQ6: =IF(OR(IPC!BQ6="",IPC!BP6="",IPC!BO6=""),"",AVERAGE(IPC!BO6:BQ6)) -> 78.985249 | BR6: =IF(OR(IPC!BT6="",IPC!BS6="",IPC!BR6=""),"",AVERAGE(IPC!BR6:BT6)) -> 79.196076 | BS6: =IF(OR(IPC!BW6="",IPC!BV6="",IPC!BU6=""),"",AVERAGE(IPC!BU6:BW6)) -> 78.512395 | BT6: =IF(OR(IPC!BZ6="",IPC!BY6="",IPC!BX6=""),"",AVERAGE(IPC!BX6:BZ6)) -> 77.577216 | BU6: =IF(OR(IPC!CC6="",IPC!CB6="",IPC!CA6=""),"",AVERAGE(IPC!CA6:CC6)) -> 78.638473 | BV6: =IF(OR(IPC!CF6="",IPC!CE6="",IPC!CD6=""),"",AVERAGE(IPC!CD6:CF6)) -> 79.302248 | BW6: =IF(OR(IPC!CI6="",IPC!CH6="",IPC!CG6=""),"",AVERAGE(IPC!CG6:CI6)) -> 79.330683 | BX6: =IF(OR(IPC!CL6="",IPC!CK6="",IPC!CJ6=""),"",AVERAGE(IPC!CJ6:CL6)) -> 78.718235 | BY6: =IF(OR(IPC!CO6="",IPC!CN6="",IPC!CM6=""),"",AVERAGE(IPC!CM6:CO6)) -> 79.531763 | BZ6: =IF(OR(IPC!CR6="",IPC!CQ6="",IPC!CP6=""),"",AVERAGE(IPC!CP6:CR6)) -> 79.480219 | CA6: =IF(OR(IPC!CU6="",IPC!CT6="",IPC!CS6=""),"",AVERAGE(IPC!CS6:CU6)) -> 80.956976 | CB6: =IF(OR(IPC!CX6="",IPC!CW6="",IPC!CV6=""),"",AVERAGE(IPC!CV6:CX6)) -> 80.80122 | CC6: =IF(OR(IPC!DA6="",IPC!CZ6="",IPC!CY6=""),"",AVERAGE(IPC!CY6:DA6)) -> 81.684574 | CD6: =IF(OR(IPC!DB6="",IPC!DA6="",IPC!CZ6=""),"",AVERAGE(IPC!CZ6:DB6)) -> 81.89743 | CE6: =IF(OR(IPC!DC6="",IPC!DB6="",IPC!DA6=""),"",AVERAGE(IPC!DA6:DC6)) -> 82.132476 | CF6: =IF(OR(IPC!DD6="",IPC!DC6="",IPC!DB6=""),"",AVERAGE(IPC!DB6:DD6)) -> 82.373155 | CG6: =IF(OR(IPC!DM6="",IPC!DL6="",IPC!DK6=""),"",AVERAGE(IPC!DK6:DM6)) -> 84.110684 | CH6: =IF(OR(IPC!DP6="",IPC!DO6="",IPC!DN6=""),"",AVERAGE(IPC!DN6:DP6)) -> 85.675787 | CI6: =IF(OR(IPC!DS6="",IPC!DR6="",IPC!DQ6=""),"",AVERAGE(IPC!DQ6:DS6)) -> 86.149579 | CJ6: =IF(OR(IPC!DV6="",IPC!DU6="",IPC!DT6=""),"",AVERAGE(IPC!DT6:DV6)) -> 86.053437 | CK6: =IF(OR(IPC!DY6="",IPC!DX6="",IPC!DW6=""),"",AVERAGE(IPC!DW6:DY6)) -> 87.798353 | CL6: =IF(OR(IPC!EB6="",IPC!EA6="",IPC!DZ6=""),"",AVERAGE(IPC!DZ6:EB6)) -> 89.484586 | CM6: =IF(OR(IPC!EE6="",IPC!ED6="",IPC!EC6=""),"",AVERAGE(IPC!EC6:EE6)) -> 90.897691 | CN6: =IF(OR(IPC!EH6="",IPC!EG6="",IPC!EF6=""),"",AVERAGE(IPC!EF6:EH6)) -> 94.382183 | CO6: =IF(OR(IPC!EK6="",IPC!EJ6="",IPC!EI6=""),"",AVERAGE(IPC!EI6:EK6)) -> 98.462295 | CP6: =IF(OR(IPC!EN6="",IPC!EM6="",IPC!EL6=""),"",AVERAGE(IPC!EL6:EN6)) -> 102.27028 | CQ6: =IF(OR(IPC!EQ6="",IPC!EP6="",IPC!EO6=""),"",AVERAGE(IPC!EO6:EQ6)) -> 104.88525 | CR6: =IF(OR(IPC!ET6="",IPC!ES6="",IPC!ER6=""),"",AVERAGE(IPC!ER6:ET6)) -> 107.2 | CS6: =IF(OR(IPC!EW6="",IPC!EV6="",IPC!EU6=""),"",AVERAGE(IPC!EU6:EW6)) -> 110.03333 | CT6: =IF(OR(IPC!EZ6="",IPC!EY6="",IPC!EX6=""),"",AVERAGE(IPC!EX6:EZ6)) -> 113.23333 | CU6: =IF(OR(IPC!FC6="",IPC!FB6="",IPC!FA6=""),"",AVERAGE(IPC!FA6:FC6)) -> 114 | CV6: =IF(OR(IPC!FF6="",IPC!FE6="",IPC!FD6=""),"",AVERAGE(IPC!FD6:FF6)) -> 113.33333 | CW6: =IF(OR(IPC!FI6="",IPC!FH6="",IPC!FG6=""),"",AVERAGE(IPC!FG6:FI6)) -> 116.16667 | CX6: =IF(OR(IPC!FL6="",IPC!FK6="",IPC!FJ6=""),"",AVERAGE(IPC!FJ6:FL6)) -> 118.7 | CY6: =IF(OR(IPC!FO6="",IPC!FN6="",IPC!FM6=""),"",AVERAGE(IPC!FM6:FO6)) -> 121.3 | CZ6: =IF(OR(IPC!FR6="",IPC!FQ6="",IPC!FP6=""),"",AVERAGE(IPC!FP6:FR6)) -> 121.96667
B7: Boissons non alcoolisees | AV7: =IF(OR(IPC!F7="",IPC!E7="",IPC!D7=""),"",AVERAGE(IPC!D7:F7)) | AW7: =IF(OR(IPC!I7="",IPC!H7="",IPC!G7=""),"",AVERAGE(IPC!G7:I7)) | AX7: =IF(OR(IPC!L7="",IPC!K7="",IPC!J7=""),"",AVERAGE(IPC!J7:L7)) | AY7: =IF(OR(IPC!O7="",IPC!N7="",IPC!M7=""),"",AVERAGE(IPC!M7:O7)) | AZ7: =IF(OR(IPC!R7="",IPC!Q7="",IPC!P7=""),"",AVERAGE(IPC!P7:R7)) -> 81.979871 | BA7: =IF(OR(IPC!U7="",IPC!T7="",IPC!S7=""),"",AVERAGE(IPC!S7:U7)) -> 81.980771 | BB7: =IF(OR(IPC!X7="",IPC!W7="",IPC!V7=""),"",AVERAGE(IPC!V7:X7)) -> 81.926894 | BC7: =IF(OR(IPC!AA7="",IPC!Z7="",IPC!Y7=""),"",AVERAGE(IPC!Y7:AA7)) -> 82.792212 | BD7: =IF(OR(IPC!AD7="",IPC!AC7="",IPC!AB7=""),"",AVERAGE(IPC!AB7:AD7)) -> 83.904478 | BE7: =IF(OR(IPC!AG7="",IPC!AF7="",IPC!AE7=""),"",AVERAGE(IPC!AE7:AG7)) -> 84.145446 | BF7: =IF(OR(IPC!AJ7="",IPC!AI7="",IPC!AH7=""),"",AVERAGE(IPC!AH7:AJ7)) -> 83.457362 | BG7: =IF(OR(IPC!AM7="",IPC!AL7="",IPC!AK7=""),"",AVERAGE(IPC!AK7:AM7)) -> 83.402591 | BH7: =IF(OR(IPC!AP7="",IPC!AO7="",IPC!AN7=""),"",AVERAGE(IPC!AN7:AP7)) -> 83.534601 | BI7: =IF(OR(IPC!AS7="",IPC!AR7="",IPC!AQ7=""),"",AVERAGE(IPC!AQ7:AS7)) -> 83.554382 | BJ7: =IF(OR(IPC!AV7="",IPC!AU7="",IPC!AT7=""),"",AVERAGE(IPC!AT7:AV7)) -> 84.26541 | BK7: =IF(OR(IPC!AY7="",IPC!AX7="",IPC!AW7=""),"",AVERAGE(IPC!AW7:AY7)) -> 84.413637 | BL7: =IF(OR(IPC!BB7="",IPC!BA7="",IPC!AZ7=""),"",AVERAGE(IPC!AZ7:BB7)) -> 85.440512 | BM7: =IF(OR(IPC!BE7="",IPC!BD7="",IPC!BC7=""),"",AVERAGE(IPC!BC7:BE7)) -> 87.173703 | BN7: =IF(OR(IPC!BH7="",IPC!BG7="",IPC!BF7=""),"",AVERAGE(IPC!BF7:BH7)) -> 87.670155 | BO7: =IF(OR(IPC!BK7="",IPC!BJ7="",IPC!BI7=""),"",AVERAGE(IPC!BI7:BK7)) -> 87.513939 | BP7: =IF(OR(IPC!BN7="",IPC!BM7="",IPC!BL7=""),"",AVERAGE(IPC!BL7:BN7)) -> 87.723847 | BQ7: =IF(OR(IPC!BQ7="",IPC!BP7="",IPC!BO7=""),"",AVERAGE(IPC!BO7:BQ7)) -> 87.073579 | BR7: =IF(OR(IPC!BT7="",IPC!BS7="",IPC!BR7=""),"",AVERAGE(IPC!BR7:BT7)) -> 87.205751 | BS7: =IF(OR(IPC!BW7="",IPC!BV7="",IPC!BU7=""),"",AVERAGE(IPC!BU7:BW7)) -> 87.374007 | BT7: =IF(OR(IPC!BZ7="",IPC!BY7="",IPC!BX7=""),"",AVERAGE(IPC!BX7:BZ7)) -> 87.75876 | BU7: =IF(OR(IPC!CC7="",IPC!CB7="",IPC!CA7=""),"",AVERAGE(IPC!CA7:CC7)) -> 87.673179 | BV7: =IF(OR(IPC!CF7="",IPC!CE7="",IPC!CD7=""),"",AVERAGE(IPC!CD7:CF7)) -> 87.856868 | BW7: =IF(OR(IPC!CI7="",IPC!CH7="",IPC!CG7=""),"",AVERAGE(IPC!CG7:CI7)) -> 87.716723 | BX7: =IF(OR(IPC!CL7="",IPC!CK7="",IPC!CJ7=""),"",AVERAGE(IPC!CJ7:CL7)) -> 87.92004 | BY7: =IF(OR(IPC!CO7="",IPC!CN7="",IPC!CM7=""),"",AVERAGE(IPC!CM7:CO7)) -> 88.50537 | BZ7: =IF(OR(IPC!CR7="",IPC!CQ7="",IPC!CP7=""),"",AVERAGE(IPC!CP7:CR7)) -> 88.671097 | CA7: =IF(OR(IPC!CU7="",IPC!CT7="",IPC!CS7=""),"",AVERAGE(IPC!CS7:CU7)) -> 89.322388 | CB7: =IF(OR(IPC!CX7="",IPC!CW7="",IPC!CV7=""),"",AVERAGE(IPC!CV7:CX7)) -> 90.119284 | CC7: =IF(OR(IPC!DA7="",IPC!CZ7="",IPC!CY7=""),"",AVERAGE(IPC!CY7:DA7)) -> 91.802174 | CD7: =IF(OR(IPC!DB7="",IPC!DA7="",IPC!CZ7=""),"",AVERAGE(IPC!CZ7:DB7)) -> 91.803243 | CE7: =IF(OR(IPC!DC7="",IPC!DB7="",IPC!DA7=""),"",AVERAGE(IPC!DA7:DC7)) -> 91.930057 | CF7: =IF(OR(IPC!DD7="",IPC!DC7="",IPC!DB7=""),"",AVERAGE(IPC!DB7:DD7)) -> 92.063856 | CG7: =IF(OR(IPC!DM7="",IPC!DL7="",IPC!DK7=""),"",AVERAGE(IPC!DK7:DM7)) -> 93.818176 | CH7: =IF(OR(IPC!DP7="",IPC!DO7="",IPC!DN7=""),"",AVERAGE(IPC!DN7:DP7)) -> 94.376481 | CI7: =IF(OR(IPC!DS7="",IPC!DR7="",IPC!DQ7=""),"",AVERAGE(IPC!DQ7:DS7)) -> 94.980441 | CJ7: =IF(OR(IPC!DV7="",IPC!DU7="",IPC!DT7=""),"",AVERAGE(IPC!DT7:DV7)) -> 95.153636 | CK7: =IF(OR(IPC!DY7="",IPC!DX7="",IPC!DW7=""),"",AVERAGE(IPC!DW7:DY7)) -> 95.534698 | CL7: =IF(OR(IPC!EB7="",IPC!EA7="",IPC!DZ7=""),"",AVERAGE(IPC!DZ7:EB7)) -> 96.327802 | CM7: =IF(OR(IPC!EE7="",IPC!ED7="",IPC!EC7=""),"",AVERAGE(IPC!EC7:EE7)) -> 96.881311 | CN7: =IF(OR(IPC!EH7="",IPC!EG7="",IPC!EF7=""),"",AVERAGE(IPC!EF7:EH7)) -> 98.205764 | CO7: =IF(OR(IPC!EK7="",IPC!EJ7="",IPC!EI7=""),"",AVERAGE(IPC!EI7:EK7)) -> 99.557188 | CP7: =IF(OR(IPC!EN7="",IPC!EM7="",IPC!EL7=""),"",AVERAGE(IPC!EL7:EN7)) -> 100.74239 | CQ7: =IF(OR(IPC!EQ7="",IPC!EP7="",IPC!EO7=""),"",AVERAGE(IPC!EO7:EQ7)) -> 101.49466 | CR7: =IF(OR(IPC!ET7="",IPC!ES7="",IPC!ER7=""),"",AVERAGE(IPC!ER7:ET7)) -> 102.23333 | CS7: =IF(OR(IPC!EW7="",IPC!EV7="",IPC!EU7=""),"",AVERAGE(IPC!EU7:EW7)) -> 102.73333 | CT7: =IF(OR(IPC!EZ7="",IPC!EY7="",IPC!EX7=""),"",AVERAGE(IPC!EX7:EZ7)) -> 103 | CU7: =IF(OR(IPC!FC7="",IPC!FB7="",IPC!FA7=""),"",AVERAGE(IPC!FA7:FC7)) -> 103.1 | CV7: =IF(OR(IPC!FF7="",IPC!FE7="",IPC!FD7=""),"",AVERAGE(IPC!FD7:FF7)) -> 103.5 | CW7: =IF(OR(IPC!FI7="",IPC!FH7="",IPC!FG7=""),"",AVERAGE(IPC!FG7:FI7)) -> 103.83333 | CX7: =IF(OR(IPC!FL7="",IPC!FK7="",IPC!FJ7=""),"",AVERAGE(IPC!FJ7:FL7)) -> 104.03333 | CY7: =IF(OR(IPC!FO7="",IPC!FN7="",IPC!FM7=""),"",AVERAGE(IPC!FM7:FO7)) -> 104.26667 | CZ7: =IF(OR(IPC!FR7="",IPC!FQ7="",IPC!FP7=""),"",AVERAGE(IPC!FP7:FR7)) -> 104.76667
A8: 02 | B8: Boissons alcoolisees et tabac | C8: 1.36 | AV8: =IF(OR(IPC!F8="",IPC!E8="",IPC!D8=""),"",AVERAGE(IPC!D8:F8)) | AW8: =IF(OR(IPC!I8="",IPC!H8="",IPC!G8=""),"",AVERAGE(IPC!G8:I8)) | AX8: =IF(OR(IPC!L8="",IPC!K8="",IPC!J8=""),"",AVERAGE(IPC!J8:L8)) | AY8: =IF(OR(IPC!O8="",IPC!N8="",IPC!M8=""),"",AVERAGE(IPC!M8:O8)) | AZ8: =IF(OR(IPC!R8="",IPC!Q8="",IPC!P8=""),"",AVERAGE(IPC!P8:R8)) -> 71.848039 | BA8: =IF(OR(IPC!U8="",IPC!T8="",IPC!S8=""),"",AVERAGE(IPC!S8:U8)) -> 72.394887 | BB8: =IF(OR(IPC!X8="",IPC!W8="",IPC!V8=""),"",AVERAGE(IPC!V8:X8)) -> 72.306463 | BC8: =IF(OR(IPC!AA8="",IPC!Z8="",IPC!Y8=""),"",AVERAGE(IPC!Y8:AA8)) -> 72.604805 | BD8: =IF(OR(IPC!AD8="",IPC!AC8="",IPC!AB8=""),"",AVERAGE(IPC!AB8:AD8)) -> 73.122226 | BE8: =IF(OR(IPC!AG8="",IPC!AF8="",IPC!AE8=""),"",AVERAGE(IPC!AE8:AG8)) -> 74.545537 | BF8: =IF(OR(IPC!AJ8="",IPC!AI8="",IPC!AH8=""),"",AVERAGE(IPC!AH8:AJ8)) -> 74.908594 | BG8: =IF(OR(IPC!AM8="",IPC!AL8="",IPC!AK8=""),"",AVERAGE(IPC!AK8:AM8)) -> 75.273029 | BH8: =IF(OR(IPC!AP8="",IPC!AO8="",IPC!AN8=""),"",AVERAGE(IPC!AN8:AP8)) -> 75.20631 | BI8: =IF(OR(IPC!AS8="",IPC!AR8="",IPC!AQ8=""),"",AVERAGE(IPC!AQ8:AS8)) -> 75.481704 | BJ8: =IF(OR(IPC!AV8="",IPC!AU8="",IPC!AT8=""),"",AVERAGE(IPC!AT8:AV8)) -> 75.422698 | BK8: =IF(OR(IPC!AY8="",IPC!AX8="",IPC!AW8=""),"",AVERAGE(IPC!AW8:AY8)) -> 75.852502 | BL8: =IF(OR(IPC!BB8="",IPC!BA8="",IPC!AZ8=""),"",AVERAGE(IPC!AZ8:BB8)) -> 78.977375 | BM8: =IF(OR(IPC!BE8="",IPC!BD8="",IPC!BC8=""),"",AVERAGE(IPC!BC8:BE8)) -> 82.884747 | BN8: =IF(OR(IPC!BH8="",IPC!BG8="",IPC!BF8=""),"",AVERAGE(IPC!BF8:BH8)) -> 83.049223 | BO8: =IF(OR(IPC!BK8="",IPC!BJ8="",IPC!BI8=""),"",AVERAGE(IPC!BI8:BK8)) -> 84.048049 | BP8: =IF(OR(IPC!BN8="",IPC!BM8="",IPC!BL8=""),"",AVERAGE(IPC!BL8:BN8)) -> 84.416397 | BQ8: =IF(OR(IPC!BQ8="",IPC!BP8="",IPC!BO8=""),"",AVERAGE(IPC!BO8:BQ8)) -> 84.789177 | BR8: =IF(OR(IPC!BT8="",IPC!BS8="",IPC!BR8=""),"",AVERAGE(IPC!BR8:BT8)) -> 84.71611 | BS8: =IF(OR(IPC!BW8="",IPC!BV8="",IPC!BU8=""),"",AVERAGE(IPC!BU8:BW8)) -> 84.901247 | BT8: =IF(OR(IPC!BZ8="",IPC!BY8="",IPC!BX8=""),"",AVERAGE(IPC!BX8:BZ8)) -> 85.828343 | BU8: =IF(OR(IPC!CC8="",IPC!CB8="",IPC!CA8=""),"",AVERAGE(IPC!CA8:CC8)) -> 85.629318 | BV8: =IF(OR(IPC!CF8="",IPC!CE8="",IPC!CD8=""),"",AVERAGE(IPC!CD8:CF8)) -> 85.972045 | BW8: =IF(OR(IPC!CI8="",IPC!CH8="",IPC!CG8=""),"",AVERAGE(IPC!CG8:CI8)) -> 86.246382 | BX8: =IF(OR(IPC!CL8="",IPC!CK8="",IPC!CJ8=""),"",AVERAGE(IPC!CJ8:CL8)) -> 86.298598 | BY8: =IF(OR(IPC!CO8="",IPC!CN8="",IPC!CM8=""),"",AVERAGE(IPC!CM8:CO8)) -> 86.794856 | BZ8: =IF(OR(IPC!CR8="",IPC!CQ8="",IPC!CP8=""),"",AVERAGE(IPC!CP8:CR8)) -> 87.601163 | CA8: =IF(OR(IPC!CU8="",IPC!CT8="",IPC!CS8=""),"",AVERAGE(IPC!CS8:CU8)) -> 88.037582 | CB8: =IF(OR(IPC!CX8="",IPC!CW8="",IPC!CV8=""),"",AVERAGE(IPC!CV8:CX8)) -> 89.327303 | CC8: =IF(OR(IPC!DA8="",IPC!CZ8="",IPC!CY8=""),"",AVERAGE(IPC!CY8:DA8)) -> 91.546707 | CD8: =IF(OR(IPC!DB8="",IPC!DA8="",IPC!CZ8=""),"",AVERAGE(IPC!CZ8:DB8)) -> 91.764374 | CE8: =IF(OR(IPC!DC8="",IPC!DB8="",IPC!DA8=""),"",AVERAGE(IPC!DA8:DC8)) -> 91.884192 | CF8: =IF(OR(IPC!DD8="",IPC!DC8="",IPC!DB8=""),"",AVERAGE(IPC!DB8:DD8)) -> 91.973346 | CG8: =IF(OR(IPC!DM8="",IPC!DL8="",IPC!DK8=""),"",AVERAGE(IPC!DK8:DM8)) -> 93.683844 | CH8: =IF(OR(IPC!DP8="",IPC!DO8="",IPC!DN8=""),"",AVERAGE(IPC!DN8:DP8)) -> 94.105962 | CI8: =IF(OR(IPC!DS8="",IPC!DR8="",IPC!DQ8=""),"",AVERAGE(IPC!DQ8:DS8)) -> 95.154028 | CJ8: =IF(OR(IPC!DV8="",IPC!DU8="",IPC!DT8=""),"",AVERAGE(IPC!DT8:DV8)) -> 95.148623 | CK8: =IF(OR(IPC!DY8="",IPC!DX8="",IPC!DW8=""),"",AVERAGE(IPC!DW8:DY8)) -> 95.676664 | CL8: =IF(OR(IPC!EB8="",IPC!EA8="",IPC!DZ8=""),"",AVERAGE(IPC!DZ8:EB8)) -> 96.154063 | CM8: =IF(OR(IPC!EE8="",IPC!ED8="",IPC!EC8=""),"",AVERAGE(IPC!EC8:EE8)) -> 97.159483 | CN8: =IF(OR(IPC!EH8="",IPC!EG8="",IPC!EF8=""),"",AVERAGE(IPC!EF8:EH8)) -> 98.364073 | CO8: =IF(OR(IPC!EK8="",IPC!EJ8="",IPC!EI8=""),"",AVERAGE(IPC!EI8:EK8)) -> 99.361005 | CP8: =IF(OR(IPC!EN8="",IPC!EM8="",IPC!EL8=""),"",AVERAGE(IPC!EL8:EN8)) -> 100.66235 | CQ8: =IF(OR(IPC!EQ8="",IPC!EP8="",IPC!EO8=""),"",AVERAGE(IPC!EO8:EQ8)) -> 101.61257 | CR8: =IF(OR(IPC!ET8="",IPC!ES8="",IPC!ER8=""),"",AVERAGE(IPC!ER8:ET8)) -> 101.8952 | CS8: =IF(OR(IPC!EW8="",IPC!EV8="",IPC!EU8=""),"",AVERAGE(IPC!EU8:EW8)) -> 103.68309 | CT8: =IF(OR(IPC!EZ8="",IPC!EY8="",IPC!EX8=""),"",AVERAGE(IPC!EX8:EZ8)) -> 104.00614 | CU8: =IF(OR(IPC!FC8="",IPC!FB8="",IPC!FA8=""),"",AVERAGE(IPC!FA8:FC8)) -> 104.03239 | CV8: =IF(OR(IPC!FF8="",IPC!FE8="",IPC!FD8=""),"",AVERAGE(IPC!FD8:FF8)) -> 104.7 | CW8: =IF(OR(IPC!FI8="",IPC!FH8="",IPC!FG8=""),"",AVERAGE(IPC!FG8:FI8)) -> 105.83333 | CX8: =IF(OR(IPC!FL8="",IPC!FK8="",IPC!FJ8=""),"",AVERAGE(IPC!FJ8:FL8)) -> 106.14626 | CY8: =IF(OR(IPC!FO8="",IPC!FN8="",IPC!FM8=""),"",AVERAGE(IPC!FM8:FO8)) -> 106.95563 | CZ8: =IF(OR(IPC!FR8="",IPC!FQ8="",IPC!FP8=""),"",AVERAGE(IPC!FP8:FR8)) -> 108.76667
A9: 03 | B9: Articles d'habillement et chaussures | C9: 9.84 | AV9: =IF(OR(IPC!F9="",IPC!E9="",IPC!D9=""),"",AVERAGE(IPC!D9:F9)) | AW9: =IF(OR(IPC!I9="",IPC!H9="",IPC!G9=""),"",AVERAGE(IPC!G9:I9)) | AX9: =IF(OR(IPC!L9="",IPC!K9="",IPC!J9=""),"",AVERAGE(IPC!J9:L9)) | AY9: =IF(OR(IPC!O9="",IPC!N9="",IPC!M9=""),"",AVERAGE(IPC!M9:O9)) | AZ9: =IF(OR(IPC!R9="",IPC!Q9="",IPC!P9=""),"",AVERAGE(IPC!P9:R9)) -> 83.806686 | BA9: =IF(OR(IPC!U9="",IPC!T9="",IPC!S9=""),"",AVERAGE(IPC!S9:U9)) -> 84.205858 | BB9: =IF(OR(IPC!X9="",IPC!W9="",IPC!V9=""),"",AVERAGE(IPC!V9:X9)) -> 84.482649 | BC9: =IF(OR(IPC!AA9="",IPC!Z9="",IPC!Y9=""),"",AVERAGE(IPC!Y9:AA9)) -> 84.848813 | BD9: =IF(OR(IPC!AD9="",IPC!AC9="",IPC!AB9=""),"",AVERAGE(IPC!AB9:AD9)) -> 84.961177 | BE9: =IF(OR(IPC!AG9="",IPC!AF9="",IPC!AE9=""),"",AVERAGE(IPC!AE9:AG9)) -> 85.136589 | BF9: =IF(OR(IPC!AJ9="",IPC!AI9="",IPC!AH9=""),"",AVERAGE(IPC!AH9:AJ9)) -> 85.413698 | BG9: =IF(OR(IPC!AM9="",IPC!AL9="",IPC!AK9=""),"",AVERAGE(IPC!AK9:AM9)) -> 86.108054 | BH9: =IF(OR(IPC!AP9="",IPC!AO9="",IPC!AN9=""),"",AVERAGE(IPC!AN9:AP9)) -> 85.987233 | BI9: =IF(OR(IPC!AS9="",IPC!AR9="",IPC!AQ9=""),"",AVERAGE(IPC!AQ9:AS9)) -> 86.487919 | BJ9: =IF(OR(IPC!AV9="",IPC!AU9="",IPC!AT9=""),"",AVERAGE(IPC!AT9:AV9)) -> 86.932134 | BK9: =IF(OR(IPC!AY9="",IPC!AX9="",IPC!AW9=""),"",AVERAGE(IPC!AW9:AY9)) -> 87.525114 | BL9: =IF(OR(IPC!BB9="",IPC!BA9="",IPC!AZ9=""),"",AVERAGE(IPC!AZ9:BB9)) -> 87.012535 | BM9: =IF(OR(IPC!BE9="",IPC!BD9="",IPC!BC9=""),"",AVERAGE(IPC!BC9:BE9)) -> 86.740516 | BN9: =IF(OR(IPC!BH9="",IPC!BG9="",IPC!BF9=""),"",AVERAGE(IPC!BF9:BH9)) -> 86.908909 | BO9: =IF(OR(IPC!BK9="",IPC!BJ9="",IPC!BI9=""),"",AVERAGE(IPC!BI9:BK9)) -> 86.836354 | BP9: =IF(OR(IPC!BN9="",IPC!BM9="",IPC!BL9=""),"",AVERAGE(IPC!BL9:BN9)) -> 86.691856 | BQ9: =IF(OR(IPC!BQ9="",IPC!BP9="",IPC!BO9=""),"",AVERAGE(IPC!BO9:BQ9)) -> 86.476813 | BR9: =IF(OR(IPC!BT9="",IPC!BS9="",IPC!BR9=""),"",AVERAGE(IPC!BR9:BT9)) -> 87.255283 | BS9: =IF(OR(IPC!BW9="",IPC!BV9="",IPC!BU9=""),"",AVERAGE(IPC!BU9:BW9)) -> 87.320248 | BT9: =IF(OR(IPC!BZ9="",IPC!BY9="",IPC!BX9=""),"",AVERAGE(IPC!BX9:BZ9)) -> 87.640306 | BU9: =IF(OR(IPC!CC9="",IPC!CB9="",IPC!CA9=""),"",AVERAGE(IPC!CA9:CC9)) -> 87.61018 | BV9: =IF(OR(IPC!CF9="",IPC!CE9="",IPC!CD9=""),"",AVERAGE(IPC!CD9:CF9)) -> 87.843969 | BW9: =IF(OR(IPC!CI9="",IPC!CH9="",IPC!CG9=""),"",AVERAGE(IPC!CG9:CI9)) -> 87.980196 | BX9: =IF(OR(IPC!CL9="",IPC!CK9="",IPC!CJ9=""),"",AVERAGE(IPC!CJ9:CL9)) -> 88.51679 | BY9: =IF(OR(IPC!CO9="",IPC!CN9="",IPC!CM9=""),"",AVERAGE(IPC!CM9:CO9)) -> 89.120381 | BZ9: =IF(OR(IPC!CR9="",IPC!CQ9="",IPC!CP9=""),"",AVERAGE(IPC!CP9:CR9)) -> 89.58827 | CA9: =IF(OR(IPC!CU9="",IPC!CT9="",IPC!CS9=""),"",AVERAGE(IPC!CS9:CU9)) -> 90.487012 | CB9: =IF(OR(IPC!CX9="",IPC!CW9="",IPC!CV9=""),"",AVERAGE(IPC!CV9:CX9)) -> 90.942441 | CC9: =IF(OR(IPC!DA9="",IPC!CZ9="",IPC!CY9=""),"",AVERAGE(IPC!CY9:DA9)) -> 91.638938 | CD9: =IF(OR(IPC!DB9="",IPC!DA9="",IPC!CZ9=""),"",AVERAGE(IPC!CZ9:DB9)) -> 91.8455 | CE9: =IF(OR(IPC!DC9="",IPC!DB9="",IPC!DA9=""),"",AVERAGE(IPC!DA9:DC9)) -> 92.036328 | CF9: =IF(OR(IPC!DD9="",IPC!DC9="",IPC!DB9=""),"",AVERAGE(IPC!DB9:DD9)) -> 92.161245 | CG9: =IF(OR(IPC!DM9="",IPC!DL9="",IPC!DK9=""),"",AVERAGE(IPC!DK9:DM9)) -> 93.944959 | CH9: =IF(OR(IPC!DP9="",IPC!DO9="",IPC!DN9=""),"",AVERAGE(IPC!DN9:DP9)) -> 94.339116 | CI9: =IF(OR(IPC!DS9="",IPC!DR9="",IPC!DQ9=""),"",AVERAGE(IPC!DQ9:DS9)) -> 94.921129 | CJ9: =IF(OR(IPC!DV9="",IPC!DU9="",IPC!DT9=""),"",AVERAGE(IPC!DT9:DV9)) -> 95.428452 | CK9: =IF(OR(IPC!DY9="",IPC!DX9="",IPC!DW9=""),"",AVERAGE(IPC!DW9:DY9)) -> 95.823541 | CL9: =IF(OR(IPC!EB9="",IPC!EA9="",IPC!DZ9=""),"",AVERAGE(IPC!DZ9:EB9)) -> 96.451049 | CM9: =IF(OR(IPC!EE9="",IPC!ED9="",IPC!EC9=""),"",AVERAGE(IPC!EC9:EE9)) -> 97.070399 | CN9: =IF(OR(IPC!EH9="",IPC!EG9="",IPC!EF9=""),"",AVERAGE(IPC!EF9:EH9)) -> 98.126296 | CO9: =IF(OR(IPC!EK9="",IPC!EJ9="",IPC!EI9=""),"",AVERAGE(IPC!EI9:EK9)) -> 99.927248 | CP9: =IF(OR(IPC!EN9="",IPC!EM9="",IPC!EL9=""),"",AVERAGE(IPC!EL9:EN9)) -> 100.52426 | CQ9: =IF(OR(IPC!EQ9="",IPC!EP9="",IPC!EO9=""),"",AVERAGE(IPC!EO9:EQ9)) -> 101.4222 | CR9: =IF(OR(IPC!ET9="",IPC!ES9="",IPC!ER9=""),"",AVERAGE(IPC!ER9:ET9)) -> 102.54735 | CS9: =IF(OR(IPC!EW9="",IPC!EV9="",IPC!EU9=""),"",AVERAGE(IPC!EU9:EW9)) -> 104.21641 | CT9: =IF(OR(IPC!EZ9="",IPC!EY9="",IPC!EX9=""),"",AVERAGE(IPC!EX9:EZ9)) -> 104.93691 | CU9: =IF(OR(IPC!FC9="",IPC!FB9="",IPC!FA9=""),"",AVERAGE(IPC!FA9:FC9)) -> 105.67344 | CV9: =IF(OR(IPC!FF9="",IPC!FE9="",IPC!FD9=""),"",AVERAGE(IPC!FD9:FF9)) -> 106.33333 | CW9: =IF(OR(IPC!FI9="",IPC!FH9="",IPC!FG9=""),"",AVERAGE(IPC!FG9:FI9)) -> 106.66667 | CX9: =IF(OR(IPC!FL9="",IPC!FK9="",IPC!FJ9=""),"",AVERAGE(IPC!FJ9:FL9)) -> 106.96303 | CY9: =IF(OR(IPC!FO9="",IPC!FN9="",IPC!FM9=""),"",AVERAGE(IPC!FM9:FO9)) -> 107.88108 | CZ9: =IF(OR(IPC!FR9="",IPC!FQ9="",IPC!FP9=""),"",AVERAGE(IPC!FP9:FR9)) -> 108.66667
A10: 04 | B10: Logement, eau, gaz, électricité et autres combustibles | C10: 12.89 | AV10: =IF(OR(IPC!F10="",IPC!E10="",IPC!D10=""),"",AVERAGE(IPC!D10:F10)) | AW10: =IF(OR(IPC!I10="",IPC!H10="",IPC!G10=""),"",AVERAGE(IPC!G10:I10)) | AX10: =IF(OR(IPC!L10="",IPC!K10="",IPC!J10=""),"",AVERAGE(IPC!J10:L10)) | AY10: =IF(OR(IPC!O10="",IPC!N10="",IPC!M10=""),"",AVERAGE(IPC!M10:O10)) | AZ10: =IF(OR(IPC!R10="",IPC!Q10="",IPC!P10=""),"",AVERAGE(IPC!P10:R10)) -> 81.653879 | BA10: =IF(OR(IPC!U10="",IPC!T10="",IPC!S10=""),"",AVERAGE(IPC!S10:U10)) -> 82.738972 | BB10: =IF(OR(IPC!X10="",IPC!W10="",IPC!V10=""),"",AVERAGE(IPC!V10:X10)) -> 83.205984 | BC10: =IF(OR(IPC!AA10="",IPC!Z10="",IPC!Y10=""),"",AVERAGE(IPC!Y10:AA10)) -> 83.565156 | BD10: =IF(OR(IPC!AD10="",IPC!AC10="",IPC!AB10=""),"",AVERAGE(IPC!AB10:AD10)) -> 84.403692 | BE10: =IF(OR(IPC!AG10="",IPC!AF10="",IPC!AE10=""),"",AVERAGE(IPC!AE10:AG10)) -> 84.38718 | BF10: =IF(OR(IPC!AJ10="",IPC!AI10="",IPC!AH10=""),"",AVERAGE(IPC!AH10:AJ10)) -> 85.245454 | BG10: =IF(OR(IPC!AM10="",IPC!AL10="",IPC!AK10=""),"",AVERAGE(IPC!AK10:AM10)) -> 86.242744 | BH10: =IF(OR(IPC!AP10="",IPC!AO10="",IPC!AN10=""),"",AVERAGE(IPC!AN10:AP10)) -> 86.616929 | BI10: =IF(OR(IPC!AS10="",IPC!AR10="",IPC!AQ10=""),"",AVERAGE(IPC!AQ10:AS10)) -> 85.514772 | BJ10: =IF(OR(IPC!AV10="",IPC!AU10="",IPC!AT10=""),"",AVERAGE(IPC!AT10:AV10)) -> 86.782454 | BK10: =IF(OR(IPC!AY10="",IPC!AX10="",IPC!AW10=""),"",AVERAGE(IPC!AW10:AY10)) -> 88.187003 | BL10: =IF(OR(IPC!BB10="",IPC!BA10="",IPC!AZ10=""),"",AVERAGE(IPC!AZ10:BB10)) -> 88.260037 | BM10: =IF(OR(IPC!BE10="",IPC!BD10="",IPC!BC10=""),"",AVERAGE(IPC!BC10:BE10)) -> 89.253137 | BN10: =IF(OR(IPC!BH10="",IPC!BG10="",IPC!BF10=""),"",AVERAGE(IPC!BF10:BH10)) -> 89.943344 | BO10: =IF(OR(IPC!BK10="",IPC!BJ10="",IPC!BI10=""),"",AVERAGE(IPC!BI10:BK10)) -> 89.8254 | BP10: =IF(OR(IPC!BN10="",IPC!BM10="",IPC!BL10=""),"",AVERAGE(IPC!BL10:BN10)) -> 90.04908 | BQ10: =IF(OR(IPC!BQ10="",IPC!BP10="",IPC!BO10=""),"",AVERAGE(IPC!BO10:BQ10)) -> 90.576386 | BR10: =IF(OR(IPC!BT10="",IPC!BS10="",IPC!BR10=""),"",AVERAGE(IPC!BR10:BT10)) -> 90.727697 | BS10: =IF(OR(IPC!BW10="",IPC!BV10="",IPC!BU10=""),"",AVERAGE(IPC!BU10:BW10)) -> 91.067572 | BT10: =IF(OR(IPC!BZ10="",IPC!BY10="",IPC!BX10=""),"",AVERAGE(IPC!BX10:BZ10)) -> 91.142983 | BU10: =IF(OR(IPC!CC10="",IPC!CB10="",IPC!CA10=""),"",AVERAGE(IPC!CA10:CC10)) -> 91.631315 | BV10: =IF(OR(IPC!CF10="",IPC!CE10="",IPC!CD10=""),"",AVERAGE(IPC!CD10:CF10)) -> 91.847044 | BW10: =IF(OR(IPC!CI10="",IPC!CH10="",IPC!CG10=""),"",AVERAGE(IPC!CG10:CI10)) -> 92.111851 | BX10: =IF(OR(IPC!CL10="",IPC!CK10="",IPC!CJ10=""),"",AVERAGE(IPC!CJ10:CL10)) -> 91.685893 | BY10: =IF(OR(IPC!CO10="",IPC!CN10="",IPC!CM10=""),"",AVERAGE(IPC!CM10:CO10)) -> 91.839498 | BZ10: =IF(OR(IPC!CR10="",IPC!CQ10="",IPC!CP10=""),"",AVERAGE(IPC!CP10:CR10)) -> 91.996979 | CA10: =IF(OR(IPC!CU10="",IPC!CT10="",IPC!CS10=""),"",AVERAGE(IPC!CS10:CU10)) -> 92.693387 | CB10: =IF(OR(IPC!CX10="",IPC!CW10="",IPC!CV10=""),"",AVERAGE(IPC!CV10:CX10)) -> 92.703047 | CC10: =IF(OR(IPC!DA10="",IPC!CZ10="",IPC!CY10=""),"",AVERAGE(IPC!CY10:DA10)) -> 92.644076 | CD10: =IF(OR(IPC!DB10="",IPC!DA10="",IPC!CZ10=""),"",AVERAGE(IPC!CZ10:DB10)) -> 92.696134 | CE10: =IF(OR(IPC!DC10="",IPC!DB10="",IPC!DA10=""),"",AVERAGE(IPC!DA10:DC10)) -> 93.044878 | CF10: =IF(OR(IPC!DD10="",IPC!DC10="",IPC!DB10=""),"",AVERAGE(IPC!DB10:DD10)) -> 93.427194 | CG10: =IF(OR(IPC!DM10="",IPC!DL10="",IPC!DK10=""),"",AVERAGE(IPC!DK10:DM10)) -> 96.347768 | CH10: =IF(OR(IPC!DP10="",IPC!DO10="",IPC!DN10=""),"",AVERAGE(IPC!DN10:DP10)) -> 96.249313 | CI10: =IF(OR(IPC!DS10="",IPC!DR10="",IPC!DQ10=""),"",AVERAGE(IPC!DQ10:DS10)) -> 97.040573 | CJ10: =IF(OR(IPC!DV10="",IPC!DU10="",IPC!DT10=""),"",AVERAGE(IPC!DT10:DV10)) -> 97.603494 | CK10: =IF(OR(IPC!DY10="",IPC!DX10="",IPC!DW10=""),"",AVERAGE(IPC!DW10:DY10)) -> 98.221858 | CL10: =IF(OR(IPC!EB10="",IPC!EA10="",IPC!DZ10=""),"",AVERAGE(IPC!DZ10:EB10)) -> 98.459174 | CM10: =IF(OR(IPC!EE10="",IPC!ED10="",IPC!EC10=""),"",AVERAGE(IPC!EC10:EE10)) -> 98.427437 | CN10: =IF(OR(IPC!EH10="",IPC!EG10="",IPC!EF10=""),"",AVERAGE(IPC!EF10:EH10)) -> 99.309921 | CO10: =IF(OR(IPC!EK10="",IPC!EJ10="",IPC!EI10=""),"",AVERAGE(IPC!EI10:EK10)) -> 99.806024 | CP10: =IF(OR(IPC!EN10="",IPC!EM10="",IPC!EL10=""),"",AVERAGE(IPC!EL10:EN10)) -> 99.621584 | CQ10: =IF(OR(IPC!EQ10="",IPC!EP10="",IPC!EO10=""),"",AVERAGE(IPC!EO10:EQ10)) -> 101.26247 | CR10: =IF(OR(IPC!ET10="",IPC!ES10="",IPC!ER10=""),"",AVERAGE(IPC!ER10:ET10)) -> 102.22321 | CS10: =IF(OR(IPC!EW10="",IPC!EV10="",IPC!EU10=""),"",AVERAGE(IPC!EU10:EW10)) -> 103.0602 | CT10: =IF(OR(IPC!EZ10="",IPC!EY10="",IPC!EX10=""),"",AVERAGE(IPC!EX10:EZ10)) -> 103.9237 | CU10: =IF(OR(IPC!FC10="",IPC!FB10="",IPC!FA10=""),"",AVERAGE(IPC!FA10:FC10)) -> 104.47503 | CV10: =IF(OR(IPC!FF10="",IPC!FE10="",IPC!FD10=""),"",AVERAGE(IPC!FD10:FF10)) -> 105.33333 | CW10: =IF(OR(IPC!FI10="",IPC!FH10="",IPC!FG10=""),"",AVERAGE(IPC!FG10:FI10)) -> 106.56667 | CX10: =IF(OR(IPC!FL10="",IPC!FK10="",IPC!FJ10=""),"",AVERAGE(IPC!FJ10:FL10)) -> 107.2901 | CY10: =IF(OR(IPC!FO10="",IPC!FN10="",IPC!FM10=""),"",AVERAGE(IPC!FM10:FO10)) -> 108.05203 | CZ10: =IF(OR(IPC!FR10="",IPC!FQ10="",IPC!FP10=""),"",AVERAGE(IPC!FP10:FR10)) -> 108.83333
